연번,부 서 명,집행일자,집  행  내  역,집행장소,연번,"부 서 명   
 부 서 명","집행일자   
 집행일자"
,,,계,,,,
1,총무과,2020-10-03,대구경북상생 관련 간담회 경비 지출,집밥아미정,2,총무과,2020-10-04
2,총무과,2020-10-05,추석연휴 코로나19 현황 관련 홍보간담회 경비 지출,언양불고기,3,총무과,2020-10-06
3,총무과,2020-10-05,내방객 접대용 음료 등 구입,SSG.COM외 2,4,총무과,2020-10-06
4,총무과,2020-10-07,코로나19 재유행 방지관련 직원 격려 간담회 경비 지출,청담동,5,총무과,2020-10-08
5,총무과,2020-10-07,코로나19 및 주요시책 관련 홍보간담회 경비 지출,오히츠,6,총무과,2020-10-08
6,총무과,2020-10-08,코로나19 방역 관련 간담회 경비 지출,순남시래기,7,총무과,2020-10-09
7,총무과,2020-10-10,코로나19 관련 주요경제현안 간담회 경비 지출,주식회사 스파밸리,8,총무과,2020-10-11
8,총무과,2020-10-13,2021년도 국비확보 관련 직원 격려 간담회 경비 지출,한화호텔앤드리조트 (주),9,총무과,2020-10-14
9,총무과,"2020-10-16   
 2020-10-16",주요시책 관련 간담회 경비 지출,창미고깃집,10,총무과,2020-10-17
10,총무과,2020-10-19,코로나19 현황 관련 홍보간담회 경비 지출,호키츠네,11,총무과,2020-10-20
11,총무과,"2020-10-21   
 2020-10-21",교통정책 관련 직원 격려 간담회 경비 지출,순남시래기,12,총무과,2020-10-22
12,총무과,2020-10-27,코로나 19 대응관련 직원 격려 간담회 경비 지출,피에프창,13,총무과,2020-10-28
13,총무과,2020-10-28,코로나19 현황 관련 홍보간담회 경비 지출,삼수장어,14,총무과,2020-10-29
14,총무과,2020-10-30,코로나19 및 도시재생정책 관련 직원 격려 간담회 경비 지출,애기똥풀,15,총무과,2020-10-31
1,총무과,2020-09-01,태풍 마이삭 대비 직원 격려 간담회 경비 지출,피에프창,2,총무과,2020-09-02
2,총무과,2020-09-03,내방객 접대용 음료 등 구입,통통과일외 2,3,총무과,2020-09-04
3,총무과,2020-09-03,코로나19 재확산 방지관련 직원 격려 간담회 경비 지출,뜨돈,4,총무과,2020-09-04
4,총무과,"2020-09-04   
 2020-09-04",코로나19 재확산 방지관련 직원 격려 간담회 경비 지출,빕스,5,총무과,2020-09-05
5,총무과,2020-09-05,코로나19 대응 업무추진 격려 간식 구입,칠번가피자,6,총무과,2020-09-06
6,총무과,2020-09-06,태풍 하이선 대비 근무직원 격려 경비 지출,피자에땅,7,총무과,2020-09-07
7,총무과,2020-09-07,코로나19 관련 간담회 경비 지출,삼수장어,8,총무과,2020-09-08
8,총무과,2020-09-08,근조화세트 구입,가나아트,9,총무과,2020-09-09
9,총무과,2020-09-08,코로나19 재유행 방지 관련 간담회 경비 지출,순남시래기,10,총무과,2020-09-09
10,총무과,2020-09-09,코로나19 재유행 방지 관련 간담회 경비 지출,왕건이집,11,총무과,2020-09-10
11,총무과,2020-09-10,태풍 마이삭 및 하이선 관련 추진 경비 지출,교촌치킨외 4,12,총무과,2020-09-11
12,총무과,"2020-09-10   
 2020-09-10",비서실 직원 격려 간담회 경비 지출,통영충무김밥,13,총무과,2020-09-11
13,총무과,2020-09-10,태풍 피해복구 지원 직원 격려 경비 지출,에스파스,14,총무과,2020-09-11
14,총무과,2020-09-11,코로나19 재유행 방지 관련 간담회 경비 지출,써브웨이,15,총무과,2020-09-12
15,총무과,2020-09-15,코로나19 재유행 방지 관련 홍보간담회 경비 지출,청담동,16,총무과,2020-09-16
16,총무과,2020-09-18,코로나19 재확산 방지관련 직원 격려 간담회 경비 지출,청담동마녀김밥,17,총무과,2020-09-19
17,총무과,2020-09-21,코로나19 재확산 방지관련 직원 격려 간담회 경비 지출,순남시래기,18,총무과,2020-09-22
18,총무과,2020-09-23,공연문화산업 관련 간담회 경비 지출,뜨돈,19,총무과,2020-09-24
19,총무과,2020-09-23,스마트 팜 관련 간담회 경비 지출,청담동,20,총무과,2020-09-24
20,총무과,2020-09-24,추석맞이 온누리상품권 구입비 지출,(주)대구은행/온누리상품권,21,총무과,2020-09-25
21,총무과,2020-09-24,코로나19 재확산 방지관련 직원 격려 간담회 경비 지출,js가든,22,총무과,2020-09-25
22,총무과,2020-09-25,추석맞이 현장 및 상황근무자 격려물품 구입,대구다운보호작업장,23,총무과,2020-09-26
23,총무과,2020-09-25,스마트 공장 등 주요시책 관련 간담회 경비 지출,청담동,24,총무과,2020-09-26
24,총무과,2020-09-28,추석연휴 현장 및 비상 근무자 격려금 지출,보건환경연구원 외 2,25,총무과,2020-09-29
25,총무과,2020-09-28,코로나19 재유행 방지 관련 간담회 경비 지출,소풍가는길,26,총무과,2020-09-29
26,총무과,2020-09-29,추석연휴 코로나19 재확산 방지관련 직원 격려 간담회 경비 지출,삼수장어,27,총무과,2020-09-30
1,총무과,2020-08-04,코로나19 및 주요 시정현안 관련 홍보간담회 경비 지출,삼수장어,2,총무과,2020-08-05
2,총무과,2020-08-04,내방객 접대용 음료 등 구입,오케이마트외 1,3,총무과,2020-08-05
3,총무과,2020-08-05,소상공인 경제활성화 추진 직원 격려 간담회 경비 지출,숨쉬는순두부,4,총무과,2020-08-06
4,총무과,"2020-08-06   
 2020-08-06",코로나19 및 지역현안 추진 직원 격려 간담회 경비 지출,조가네갑오징어,5,총무과,2020-08-07
5,총무과,2020-08-06,중앙부처 업무협의 직원 격려 간담회 경비 지출,가진화랑,6,총무과,2020-08-07
6,총무과,2020-08-10,국비확보 업무추진 직원 격려 간담회 경비 지출,정부세종청사4동 기획재정부(카페) 풀무원,7,총무과,2020-08-11
7,총무과,2020-08-10,중앙부처 업무협의 직원 격려 간담회 경비 지출,강촌,8,총무과,2020-08-11
8,총무과,"2020-08-11   
 2020-08-11",코로나19 및 주요 시정현안 관련 홍보간담회 경비 지출,호키츠네,9,총무과,2020-08-12
9,총무과,2020-08-11,코로나19 관련 대구경제활성화 간담회 경비 지출,청산아오야마,10,총무과,2020-08-12
10,총무과,2020-08-12,제75주년 광복절 경축식 안내직원 격려 경비 지출,커피명가 아르떼,11,총무과,2020-08-13
11,총무과,2020-08-13,코로나19 방역 관련 홍보간담회 경비 지출,삼수장어,12,총무과,2020-08-14
12,총무과,2020-08-16,코로나19관련 주요시책 협의 간담회 경비 지출,카페동이,13,총무과,2020-08-17
13,총무과,2020-08-17,코로나19 수도권 집단감염 관련 대구시 대응전략 협의간담회 경비 지출,엄마손칼국수,14,총무과,2020-08-18
14,총무과,2020-08-18,취임 축하화분 구입,제우스플라워,15,총무과,2020-08-19
15,총무과,2020-08-18,코로나19 재확산방지 관련 직원 격려 간담회 경비 지출,뜨돈,16,총무과,2020-08-19
16,총무과,2020-08-19,코로나19 재확산 방역대책 관련 직원 격려 간담회 경비 지출,조가네갑오징어,17,총무과,2020-08-20
17,총무과,2020-08-20,달구벌 콜센터직원 격려 경비 지출,빚은,18,총무과,2020-08-21
18,총무과,2020-08-21,대구경북 상생관련 현안협의 간담회 경비 지출,JS가든,19,총무과,2020-08-22
19,총무과,2020-08-23,코로나19 재확산방지 관련 직원 격려 간담회 경비 지출,개정,20,총무과,2020-08-24
20,총무과,2020-08-25,대구경북 코로나19 재유행 방지대책 간담회 경비 지출,시골갈비식당,21,총무과,2020-08-26
21,총무과,2020-08-27,코로나19 재확산방지 관련 직원 격려 간담회 경비 지출,전주식콩나물해장국,22,총무과,2020-08-28
22,총무과,2020-08-31,코로나19 재확산방지 및 태풍 대비관련 직원 격려 간담회 경비 지출,JS가든,23,총무과,2020-09-01
1,총무과,2020-07-01,직원 격려 간담회 경비 지출,청송약수삼계탕,2,총무과,2020-07-02
2,총무과,"2020-07-02   
 2020-07-02",코로나19 대응 직원 격려(간식) 경비 지출,오케이마트외 1,3,총무과,2020-07-03
3,총무과,2020-07-02,내방객 접대용 음료 등 구입,SSG.COM외 1,4,총무과,2020-07-03
4,총무과,2020-07-02,직원 격려 간담회 경비 지출,해금강,5,총무과,2020-07-03
5,총무과,2020-07-02,주요 시정현안 관련 홍보간담회 경비 지출,오아르 샹들리에,6,총무과,2020-07-03
6,총무과,2020-07-03,코로나19 대응관련 직원 격려품(자두) 구입,소림상회외 1,7,총무과,2020-07-04
7,총무과,2020-07-03,국비예산 협의 직원 격려 간담회 경비 지출,참배나무골,8,총무과,2020-07-04
8,총무과,2020-07-03,통합신공항건설관련 직원 격려 간담회 경비 지출,딩동 클래식 카페,9,총무과,2020-07-04
9,총무과,2020-07-03,중앙부처 업무협의 직원 격려 간담회 경비 지출,석기정,10,총무과,2020-07-04
10,총무과,2020-07-04,코로나19 관련 간담회 경비 지출,벱하노이,11,총무과,2020-07-05
11,총무과,"2020-07-05   
 2020-07-05",코로나19 관련 간담회 경비 지출,낙영찜갈비,12,총무과,2020-07-06
12,총무과,2020-07-06,코로나19 관련 간담회 경비 지출,피에프창,13,총무과,2020-07-07
13,총무과,2020-07-06,코로나19 관련 간담회 경비 지출,동아전복,14,총무과,2020-07-07
14,총무과,2020-07-07,탄소중립 관련 직원격려 간담회 경비 지출,롯데호텔 커피숍,15,총무과,2020-07-08
15,총무과,2020-07-07,탄소중립 관련 주요 시책간담회 경비 지출,이봉,16,총무과,2020-07-08
16,총무과,2020-07-08,코로나19 관련 직원 격려 간담회 경비 지출,민수사,17,총무과,2020-07-09
17,총무과,2020-07-08,코로나19 및 대구경북 상생 관련 간담회 경비 지출,청담동,18,총무과,2020-07-09
18,총무과,2020-07-09,코로나19 및 시정현안 홍보간담회 경비 지출,삼수장어,19,총무과,2020-07-10
19,총무과,2020-07-11,주요시책 관련 간담회 경비 지출,주래등,20,총무과,2020-07-12
20,총무과,2020-07-11,코로나19 대응 관련 직원 격려 간담회 경비 지출,소풍가는길,21,총무과,2020-07-12
21,총무과,2020-07-16,초복맞이 직원 격려품 구입,재민이네외 3,22,총무과,2020-07-17
22,총무과,2020-07-16,주요 시정현안 관련 홍보간담회 경비 지출,부산안면옥,23,총무과,2020-07-17
23,총무과,2020-07-17,주요 시정현안 관련 홍보간담회 경비 지출,삼수장어,24,총무과,2020-07-18
24,총무과,2020-07-19,주요시책 관련 간담회 경비 지출,청도매운탕다슬기본가,25,총무과,2020-07-20
25,총무과,2020-07-20,주요 시정현안 관련 홍보간담회 경비 지출,소풍가는길,26,총무과,2020-07-21
26,총무과,2020-07-22,대구 경북 상생관련 주요시책 간담회 경비 지출,산성골오리궁뎅이,27,총무과,2020-07-23
27,총무과,2020-07-22,비서실 직원 격려 간담회 경비 지출,뜨돈,28,총무과,2020-07-23
28,총무과,2020-07-23,주요 시정현안 관련 홍보간담회 경비 지출,통영충무김밥,29,총무과,2020-07-24
29,총무과,2020-07-23,주요시책 관련 간담회 경비 지출,언양불고기,30,총무과,2020-07-24
30,총무과,2020-07-24,코로나19 및 주요시책 관련 간담회 경비 지출,안압정갈비식당,31,총무과,2020-07-25
31,총무과,2020-07-27,직원 격려 간담회 경비 지출,부림산채,32,총무과,2020-07-28
32,총무과,2020-07-28,감염병관리과 직원 격려 간담회 경비 지출,벱하노이,33,총무과,2020-07-29
33,총무과,2020-07-29,코로나19 관련 직원 격려 간담회 경비 지출,온돌방,34,총무과,2020-07-30
34,총무과,2020-07-31,주요 시정현안 관련 홍보간담회 경비 지출,해덕한우,35,총무과,2020-08-01
1,총무과,"6/1   
 6/1",내방객 접대용 음료 등 구입,(주)신세계페이먼츠외 1,2,총무과,6/2
2,총무과,6/1,근조화세트 구입,가나아트,3,총무과,6/2
3,총무과,6/2,코로나19 관련 직원 격려 간담회 경비 지출,민수사(침산점),4,총무과,6/3
14,총무과,6/2,코로나19 관련 정책간담회 경비 지출,원할머니보쌈,15,총무과,6/3
4,총무과,6/3,코로나19 관련 직원 격려 간담회 경비 지출,js가든,5,총무과,6/4
5,총무과,6/5,코로나19 대응 직원 격려 경비 지출,언양불고기,6,총무과,6/6
16,총무과,6/5,코로나19 관련 정책간담회 경비 지출,동보성,17,총무과,6/6
15,총무과,6/6,코로나19 관련 정책간담회 경비 지출,다리골식당,16,총무과,6/7
17,총무과,"6/8   
 6/8",코로나19 관련 정책간담회 경비 지출,피에프창,18,총무과,6/9
18,총무과,6/9,코로나19 관련 홍보간담회 경비 지출,호키츠네,19,총무과,6/10
6,총무과,6/9,코로나19 관련 직원 격려 간담회 경비 지출,민수사(침산점),7,총무과,6/10
19,총무과,6/12,코로나19 관련 홍보간담회 경비 지출,삼수장어,20,총무과,6/13
7,총무과,6/15,코로나19 대응관련 간담회 경비 지출,삼수장어,8,총무과,6/16
8,총무과,6/16,코로나19 관련 직원 격려 간담회 경비 지출,뜨돈,9,총무과,6/17
9,총무과,6/18,서울본부 직원 격려 간담회 경비 지출,장독대김치찌개,10,총무과,6/19
20,총무과,6/19,코로나19 및 시정현안 홍보간담회 경비 지출,삼수장어,21,총무과,6/20
21,총무과,6/20,코로나19 및 주요 시정현안 관련 정책간담회 경비 지출,심비디움,22,총무과,6/21
22,총무과,6/22,코로나19 관련 홍보간담회 경비 지출,삼수장어,23,총무과,6/23
10,총무과,6/23,비서실 직원 격려 간담회 경비 지출,현대옥경대병원점,11,총무과,6/24
11,총무과,6/24,코로나19 관련 직원 격려 간담회 경비 지출,막창도둑,12,총무과,6/25
12,총무과,6/25,비서실 직원 격려 간담회 경비 지출,대정옥,13,총무과,6/26
13,총무과,6/25,혁신성장국 직원 격려 간담회 경비 지출,카페동이,14,총무과,6/26
24,총무과,6/27,코로나19 및 주요 시정현안 관련 정책간담회 경비 지출,만보복집,25,총무과,6/28
25,총무과,6/30,코로나19 및 주요 시정현안 관련 정책간담회 경비 지출,삼수장어,26,총무과,7/1
1,총무과,"5/1   
 5/1",코로나19 관련 간담회 경비 지출,덕촌식당,2,총무과,5/2
2,총무과,5/1,코로나19 관련 직원 격려 간담회 경비 지출,공서방손칼국수,3,총무과,5/2
3,총무과,5/3,코로나19 관련 직원 격려 간담회 경비 지출,주식회사 카페동이,4,총무과,5/4
4,총무과,5/4,코로나19 관련 직원 격려 간담회 경비 지출,js가든,5,총무과,5/5
5,총무과,5/4,코로나19 관련 직원 격려 간담회 경비 지출,왕건이집,6,총무과,5/5
6,총무과,5/5,코로나19 관련 직원 격려 간담회 경비 지출,개정,7,총무과,5/6
7,총무과,5/5,코로나19 관련 직원 격려 간담회 경비 지출,식도관,8,총무과,5/6
8,총무과,5/6,코로나19 관련 직원 격려 간담회 경비 지출,마늘칼국수,9,총무과,5/7
9,총무과,5/6,내방객 접대용 음료 등 구입,통통과일(대구점)외 1,10,총무과,5/7
10,총무과,5/7,코로나19 관련 직원 격려 간담회 경비 지출,피에프창,11,총무과,5/8
11,총무과,5/7,선결제 등을 통한 내부 보완방안 후속조치,통영충무김밥,12,총무과,5/8
12,총무과,5/7,선결제 등을 통한 내부 보완방안 후속조치,경복궁,13,총무과,5/8
13,총무과,5/7,선결제 등을 통한 내부 보완방안 후속조치,온돌방,14,총무과,5/8
14,총무과,5/7,선결제 등을 통한 내부 보완방안 후속조치,언양불고기,15,총무과,5/8
15,총무과,5/7,코로나19 관련 직원 격려 간담회 경비 지출,공서방손칼국수,16,총무과,5/8
16,총무과,5/8,코로나19 관련 직원 격려 간담회 경비 지출,호키츠네,17,총무과,5/9
17,총무과,"5/9   
 5/9",코로나19 비상대책 간담회 경비 지출,영양숯불갈비,18,총무과,5/10
18,총무과,5/9,코로나19 관련 직원 격려 간담회 경비 지출,오히츠,19,총무과,5/10
19,총무과,5/11,코로나19 관련 직원 격려 간담회 경비 지출,뜨돈,20,총무과,5/12
20,총무과,5/12,코로나19 관련 직원 격려 간담회 경비 지출,js가든,21,총무과,5/13
21,총무과,5/12,코로나19 관련 직원 격려 간담회 경비 지출,중식대가효민,22,총무과,5/13
22,총무과,5/14,코로나19 관련 직원 격려 간담회 경비 지출,왕건이집,23,총무과,5/15
23,총무과,5/15,코로나19 관련 직원 격려 간담회 경비 지출,민수사,24,총무과,5/16
24,총무과,5/16,코로나19 관련 정책간담회 경비 지출,리미니가든,25,총무과,5/17
25,"총무과   
 총무과","5/18   
 5/18",코로나19 관련 직원 격려 간담회 경비 지출,동해복어,"26   
 26",총무과,5/19
26,총무과,5/19,코로나19 관련 직원 격려 간담회 경비 지출,삼수장어,27,총무과,5/20
27,총무과,5/19,코로나19 관련 홍보간담회 경비 지출,만보가,28,총무과,5/20
28,총무과,5/22,코로나19 관련 비상대응본부 간담회 경비 지출,민수사,29,총무과,5/23
29,총무과,5/22,코로나19 관련 직원 격려 간담회 경비 지출,명성숯불갈비,30,총무과,5/23
30,총무과,5/23,코로나19 관련 간담회 경비 지출,오아르 샹들리에,31,총무과,5/24
31,총무과,5/25,서대구산업단지 개발 관련 직원 격려 간담회 경비 지출,성원정,32,총무과,5/26
32,총무과,"5/25   
 5/25",코로나19 관련 간담회 경비 지출,피에프창,33,총무과,5/26
33,총무과,5/26,코로나19 관련 직원 격려 간담회 경비 지출,버거킹,34,총무과,5/27
34,총무과,5/27,코로나19 관련 직원 격려 간담회 경비 지출,주식회사 카페동이,35,총무과,5/28
35,총무과,5/28,코로나19 관련 직원 격려 간담회 경비 지출,마늘칼국수,36,총무과,5/29
36,총무과,"5/29   
 5/29",코로나19 관련 홍보간담회 경비 지출,호키츠네,37,총무과,5/30
37,총무과,5/29,코로나19 관련 홍보간담회 경비 지출,청림원,38,총무과,5/30
37,총무과,5/29,코로나19 극복관련 격려 경비 지출,에스파스,38,총무과,5/30
1,총무과,"4/1   
 4/1",코로나19 비상근무 직원 격려 간담회 경비 지출,삼수장어,2,총무과,4/2
2,총무과,"4/1   
 4/1",코로나19 비상근무 직원 격려 간담회 경비 지출,전주식콩나물해장국,3,총무과,4/2
3,총무과,4/1,내방객 접대용 음료 등 구입,오케이마트외 1,4,총무과,4/2
4,총무과,4/2,코로나19 비상근무 직원 격려 간담회 경비 지출,피에프창,5,총무과,4/3
5,총무과,4/2,코로나19 비상근무 직원 격려 간담회 경비 지출,동아전복,6,총무과,4/3
6,총무과,"4/3   
 4/3",코로나19 비상근무 직원 격려 간담회 경비 지출,팔덕식당,7,총무과,4/4
7,총무과,"4/4   
 4/4",코로나19 비상근무 직원 격려 간담회 경비 지출,뜨돈,8,총무과,4/5
8,총무과,4/5,코로나19 비상근무 직원 격려 간담회 경비 지출,순남시래기,9,총무과,4/6
9,총무과,4/5,코로나19 비상근무 직원 격려 간담회 경비 지출,오히츠,10,총무과,4/6
10,총무과,4/6,코로나19 비상근무 직원 격려 간담회 경비 지출,전주식콩나물해장국,11,총무과,4/7
11,총무과,4/7,코로나19 비상근무 직원 격려 간담회 경비 지출,브라더한정식도시락,12,총무과,4/8
12,총무과,4/7,코로나19 비상근무 직원 격려 간담회 경비 지출,청송약수삼계탕,13,총무과,4/8
13,총무과,4/8,코로나19 비상근무 직원 격려 경비 지출,압구정,14,총무과,4/9
14,총무과,4/8,코로나19 비상근무 직원 격려 간담회 경비 지출,동아전복,15,총무과,4/9
15,총무과,4/10,코로나19 비상근무 직원 격려 간담회 경비 지출,통영충무김밥,16,총무과,4/11
16,총무과,4/10,코로나19 비상근무 직원 격려 간담회 경비 지출,오히츠,17,총무과,4/11
17,총무과,4/11,코로나19 비상근무 직원 격려 간담회 경비 지출,js가든,18,총무과,4/12
18,총무과,4/11,코로나19 비상근무 직원 격려 간담회 경비 지출,청송약수삼계탕,19,총무과,4/12
19,총무과,4/12,코로나19 비상근무 직원 격려 간담회 경비 지출,개정,20,총무과,4/13
20,총무과,4/12,코로나19 비상근무 직원 격려 간담회 경비 지출,js가든,21,총무과,4/13
21,총무과,4/13,코로나19 비상근무 직원 격려 간담회 경비 지출,오히츠,22,총무과,4/14
22,총무과,4/14,코로나19 비상근무 직원 격려 간담회 경비 지출,전주식콩나물해장국,23,총무과,4/15
23,총무과,4/14,코로나19 생활치료센터운영단 격려 경비 지출,피자에땅외 2,24,총무과,4/15
24,총무과,4/15,코로나19 비상근무 직원 격려 간담회 경비 지출,js가든,25,총무과,4/16
25,총무과,4/16,코로나19 비상근무 직원 격려 간담회 경비 지출,부림산채,26,총무과,4/17
26,총무과,4/17,코로나19 비상근무 직원 격려 간담회 경비 지출,편대장영화식당,27,총무과,4/18
27,"총무과   
 총무과","4/18   
 4/18",코로나19 비상근무 직원 격려 간담회 경비 지출,js가든,"28   
 28",총무과,4/19
28,총무과,4/18,코로나19 비상근무 직원 격려 간담회 경비 지출,청송약수삼계탕,29,총무과,4/19
29,총무과,4/19,코로나19 비상근무 직원 격려 간담회 경비 지출,삼수장어,30,총무과,4/20
30,총무과,4/19,코로나19 비상근무 직원 격려 간담회 경비 지출,카페동이,31,총무과,4/20
31,총무과,4/20,코로나19 비상근무 직원 격려 간담회 경비 지출,js가든,32,총무과,4/21
32,총무과,4/20,코로나19 비상근무 직원 격려 간담회 경비 지출,동아전복,33,총무과,4/21
33,총무과,4/20,내방객 접대용 음료 등 구입,통통과일외 1,34,총무과,4/21
34,총무과,4/21,코로나19 비상근무 직원 격려 간담회 경비 지출,피에프창,35,총무과,4/22
35,총무과,4/22,코로나19 비상근무 직원 격려 간담회 경비 지출,뜨돈,36,총무과,4/23
36,총무과,4/23,코로나19 비상근무 직원 격려 간담회 경비 지출,마늘칼국수,37,총무과,4/24
37,총무과,4/23,코로나19 비상근무 직원 격려 간담회 경비 지출,청송약수삼계탕,38,총무과,4/24
38,총무과,4/23,코로나19 범시민대책위원회 소통간담회 경비 지출,매스커피,39,총무과,4/24
39,총무과,4/23,코로나19 긴급생계자금지원단 및 소상공인 긴급생존자금지원단 격려 경비 지출,에스파스,40,총무과,4/24
40,총무과,4/24,코로나19 비상근무 직원 격려 간담회 경비 지출,해수전복,41,총무과,4/25
41,총무과,4/25,코로나19 비상대책 간담회 경비 지출,엄마손칼국수,42,총무과,4/26
42,총무과,4/25,코로나19 관련 간담회 경비 지출,온돌방,43,총무과,4/26
43,총무과,4/26,코로나19 비상근무 직원 격려 간담회 경비 지출,삿뽀로,44,총무과,4/27
44,총무과,4/27,코로나19 비상근무 직원 격려 간담회 경비 지출,전주식콩나물해장국,45,총무과,4/28
45,총무과,4/27,코로나19 극복관련 간담회 경비 지출,삼수장어,46,총무과,4/28
46,총무과,4/28,코로나19 비상근무 직원 격려 간담회 경비 지출,js가든,47,총무과,4/29
47,총무과,4/28,코로나19 비상근무 직원 격려 간담회 경비 지출,언양불고기,48,총무과,4/29
48,총무과,4/29,코로나19 비상근무 직원 격려 간담회 경비 지출,충무할매김밥,49,총무과,4/30
49,총무과,4/29,코로나19 비상근무 직원 격려 간담회 경비 지출,청송약수삼계탕,50,총무과,4/30
50,총무과,4/30,코로나19 비상근무 직원 격려 간담회 경비 지출,동아전복,51,총무과,5/1
1,총무과,"3/1   
 3/1",코로나19 비상근무 직원 격려 간담회 경비 지출,황뻘낙지,2,총무과,3/2
2,총무과,"3/1   
 3/1",코로나19 비상근무 직원 격려 간담회 경비 지출,중식대가효민,3,총무과,3/2
3,총무과,3/2,코로나19 비상근무 직원 격려 간담회 경비 지출,동아전복,4,총무과,3/3
4,총무과,3/2,코로나19 비상근무 직원 격려 간담회 경비 지출,동인삼계탕,5,총무과,3/3
5,총무과,3/2,내방객 접대용 음료 등 구입,통통과일(대구점)외 1,6,총무과,3/3
6,총무과,"3/3   
 3/3",코로나19 비상근무 직원 격려 간담회 경비 지출,동해복어,7,총무과,3/4
7,총무과,"3/4   
 3/4",코로나19 비상근무 직원 격려 간담회 경비 지출,개정,8,총무과,3/5
8,총무과,3/5,코로나19 비상근무 직원 격려 간담회 경비 지출,부림산채,9,총무과,3/6
9,총무과,3/6,코로나19 비상근무 직원 격려 간담회 경비 지출,읍내,10,총무과,3/7
10,총무과,3/6,코로나19 비상근무 직원 격려 간담회 경비 지출,황뻘낙지,11,총무과,3/7
11,총무과,3/7,코로나19 비상근무 직원 격려 간담회 경비 지출,원할머니보쌈,12,총무과,3/8
12,총무과,3/8,코로나19 비상근무 직원 격려 간담회 경비 지출,개정,13,총무과,3/9
13,총무과,3/8,코로나19 비상근무 직원 격려 간담회 경비 지출,삼수장어,14,총무과,3/9
14,총무과,3/10,코로나19 비상근무 직원 격려 간담회 경비 지출,뜨돈,15,총무과,3/11
15,총무과,3/10,코로나19 비상근무 직원 격려 경비 지출,브라더한정식도시락,16,총무과,3/11
16,총무과,3/11,코로나19 비상근무 직원 격려 간담회 경비 지출,개정,17,총무과,3/12
17,총무과,3/11,코로나19 비상근무 직원 격려 간담회 경비 지출,더 반,18,총무과,3/12
18,총무과,3/13,코로나19 비상근무 직원 격려 간담회 경비 지출,뜨돈,19,총무과,3/14
19,총무과,3/14,코로나19 비상근무 직원 격려 간담회 경비 지출,개정,20,총무과,3/15
20,총무과,3/15,코로나19 비상근무 직원 격려 간담회 경비 지출,순남시래기,21,총무과,3/16
21,총무과,3/15,코로나19 비상근무 직원 격려 간담회 경비 지출,동해복어,22,총무과,3/16
22,총무과,3/16,코로나19 비상근무 직원 격려 간담회 경비 지출,뜨돈,23,총무과,3/17
23,총무과,3/17,코로나19 비상근무 직원 격려 간담회 경비 지출,동아전복,24,총무과,3/18
24,총무과,3/17,내방객 접대용 음료 등 구입,통통과일(대구점),25,총무과,3/18
25,총무과,3/18,코로나19 비상근무 직원 격려 간담회 경비 지출,순남시래기,26,총무과,3/19
26,"총무과   
 총무과","3/19   
 3/19",코로나19 관련 주요현안 협의를 위한 간담회 경비 지출,원할머니보쌈,"27   
 27",총무과,3/20
27,총무과,3/19,코로나19 비상근무 직원 격려 간담회 경비 지출,언양불고기,28,총무과,3/20
28,총무과,3/20,코로나19 비상근무 직원 격려 간담회 경비 지출,개정,29,총무과,3/21
29,총무과,3/20,코로나19 비상근무 직원 격려 간담회 경비 지출,오히츠,30,총무과,3/21
30,총무과,3/21,코로나19 비상근무 직원 격려 간담회 경비 지출,오복미역,31,총무과,3/22
31,총무과,3/21,코로나19 비상근무 직원 격려 간담회 경비 지출,뜨돈,32,총무과,3/22
32,총무과,3/22,코로나19 비상근무 직원 격려 간담회 경비 지출,순남시래기,33,총무과,3/23
33,총무과,3/22,코로나19 비상근무 직원 격려 간담회 경비 지출,피에프창,34,총무과,3/23
34,총무과,3/23,코로나19 비상근무 직원 격려 간담회 경비 지출,오히츠,35,총무과,3/24
35,총무과,3/24,코로나19 비상근무 직원 격려 간담회 경비 지출,수복식당,36,총무과,3/25
36,총무과,3/24,코로나19 비상근무 직원 격려 간담회 경비 지출,주식회사 카페동이,37,총무과,3/25
37,총무과,3/25,코로나19 비상근무 직원 격려 간담회 경비 지출,언양불고기,38,총무과,3/26
38,총무과,3/25,코로나19 비상근무 직원 격려 간담회 경비 지출,브라더한정식도시락,39,총무과,3/26
39,총무과,3/26,코로나19 비상근무 직원 격려 간담회 경비 지출,전주식콩나물해장국,40,총무과,3/27
1,총무과,"2/2   
 2/2",코로나19 비상근무 직원 격려 경비 지출(시장),교촌치킨 외 14,2,총무과,2/3
2,총무과,2/3,교육바우처 협약업무 직원 격려 간담회 경비 지출(시장),동심각,3,총무과,2/4
3,총무과,2/4,내방객 접대용 음료 등 구입(시장),오케이마트 외1,4,총무과,2/5
4,총무과,2/8,코로나19 비상근무 직원 격려 경비 지출(시장),에스파스,5,총무과,2/9
5,총무과,2/12,주요시책 관련 간담회 경비 지출(시장),동보성,6,총무과,2/13
6,총무과,"2/13   
 2/13",내방객 접대용 음료 등 구입(시장),통통과일(대구점)외 1,7,총무과,2/14
7,총무과,"2/14   
 2/14",코로나19 비상근무 직원 격려 경비 지출(시장),신천상회,8,총무과,2/15
8,총무과,2/15,코로나19 비상근무 직원 격려 간담회 경비 지출(시장),식도관한우숯불갈비,9,총무과,2/16
9,총무과,2/17,주요시책 관련 홍보 간담회 경비 지출(시장),안압정갈비식당,10,총무과,2/18
10,총무과,2/18,코로나19 비상근무 직원 격려 간담회 경비 지출(시장),송림식당,11,총무과,2/19
11,총무과,2/18,코로나19 비상근무 직원 격려 간담회 경비 지출(시장),통영충무김밥,12,총무과,2/19
12,총무과,2/19,코로나19 비상근무 직원 격려 간담회 경비 지출(시장),언양불고기,13,총무과,2/20
13,총무과,2/20,코로나19 비상근무 직원 격려 간담회 경비 지출(시장),송림식당,14,총무과,2/21
14,총무과,2/21,코로나19 비상근무 직원 격려 경비 지출(시장),코코호도,15,총무과,2/22
15,총무과,2/23,코로나19 비상근무 직원 격려 간담회 경비 지출(시장),중식대가효민,16,총무과,2/24
16,총무과,2/23,코로나19 비상근무 직원 격려 간담회 경비 지출(시장),모나무르,17,총무과,2/24
17,총무과,2/24,코로나19 비상근무 직원 격려 간담회 경비 지출(시장),온돌방,18,총무과,2/25
18,총무과,2/25,코로나19 비상근무 직원 격려 간담회 경비 지출(시장),본도시락,19,총무과,2/26
19,총무과,2/26,코로나19 비상근무 직원 격려 간담회 경비 지출(시장),송림식당,20,총무과,2/27
20,총무과,2/26,코로나19 비상근무 직원 격려 간담회 경비 지출(시장),오히츠,21,총무과,2/27
21,총무과,2/27,코로나19 비상근무 직원 격려 간담회 경비 지출(시장),언양불고기,22,총무과,2/28
22,총무과,2/28,코로나19 비상근무 직원 격려 간담회 경비 지출(시장),마늘칼국수,23,총무과,2/29
23,총무과,2/28,코로나19 비상근무 직원 격려 간담회 경비 지출(시장),황뻘낙지,24,총무과,2/29
24,총무과,2/29,코로나19 비상근무 직원 격려 간담회 경비 지출(시장),향연,25,총무과,3/1
1,총무과,"1/1   
 1/1",충혼탑 신년참배 참석자 간담회 경비 지출,양정화네앞산온천골외 1,2,총무과,1/2
2,총무과,1/2,2020년 시무식 행사 관련 다과구입비 지출,대원떡집외 4,3,총무과,1/3
3,총무과,1/6,2020년도 적십자 특별성금 지출,대한적십자사 대구광역시지사,4,총무과,1/7
4,총무과,1/8,내방객 접대용 음료 등 구입,(주)신세계페이먼츠외 1,5,총무과,1/9
5,총무과,1/15,도시재창조국 직원 격려 간담회 경비 지출,민수사,6,총무과,1/16
6,총무과,"1/16   
 1/16",주요시책 관련 간담회 경비 지출,도마,7,총무과,1/17
7,총무과,"1/16   
 1/16",설맞이 온누리상품권 구입비 지출,(주)대구은행/온누리상품권,8,총무과,1/17
8,총무과,1/17,주요시책 관련 간담회 경비 지출,효탄,9,총무과,1/18
9,총무과,1/20,시 체육회 관계자 간담회 경비 지출,온돌방,10,총무과,1/21
10,총무과,1/21,정부부처 업무협의 직원 격려 간담회 경비 지출,루나미엘레,11,총무과,1/22
11,총무과,1/22,설연휴 현장 및 비상 근무자 격려금 지출,남산119안전센터 외,12,총무과,1/23
13,총무과,1/22,종교관련 업무협의 간담회 경비 지출,온돌방,14,총무과,1/23
12,총무과,1/22,대구경북 기업인 간담회 경비 지출,안압정,13,총무과,1/23
14,총무과,1/23,사랑의 쌀 나누기 관련 간담회 경비 지출,온돌방,15,총무과,1/24
15,총무과,1/28,코로나바이러스 예방업무직원 격려 간담회 경비 지출,동해복어,16,총무과,1/29
16,총무과,1/29,직원 격려 간담회 경비 지출,구내식당,17,총무과,1/30
17,총무과,1/30,근조화세트 구입,가나아트,18,총무과,1/31
18,총무과,1/30,보건업무추진 직원 격려 간담회 경비 지출,통영충무김밥,19,총무과,1/31
19,총무과,1/30,문화예술 발전방안 논의 간담회 경비 지출,비원,20,총무과,1/31
20,총무과,1/31,여성가족청소년 업무추진 직원 격려 간담회 경비 지출,동해복어,21,총무과,2/1
1,총무과,12/2,생활폐기물 처리업무 추진 직원 격려 간담회 경비 지출,만보가,2,총무과,12/3
2,총무과,"12/3   
 12/3",내방객 접대용 음료 등 구입,(주)신세계페이먼츠외 1,3,총무과,12/4
3,총무과,12/3,지역기업 경영인 간담회 경비 지출,아라한정식,4,"총무과   
 총무과",12/4
4,총무과,12/5,주요시책 관련 간담회 경비 지출,안압정,5,총무과,12/6
5,총무과,12/7,도시재생 업무추진 직원 격려 간담회 경비 지출,현대옥경대병원점,6,총무과,12/8
6,총무과,12/9,국비예산 확보 격려 직원 간담회 경비 지출,은주식당,7,총무과,12/10
7,총무과,12/9,시청별관 공무직 근로자 격려 간담회 경비 지출,송정가든,8,총무과,12/10
8,총무과,12/11,대구광역시 새마을회 간담회 경비 지출,자미성,9,총무과,12/12
9,총무과,12/12,"비서,보좌관실 직원 격려 간담회 경비 지출",해덕한우,10,총무과,12/13
10,총무과,12/13,2020년 본예산 편성 직원 격려 경비 지출,에스파스,11,"총무과   
 총무과",12/14
11,총무과,12/14,미19지원사령부 행사 지원 직원 격려 간담회 경비 지출,도마,12,총무과,12/15
12,총무과,"12/17   
 12/17",시청 본관 공무직 근로자 격려 간담회 경비 지출,성원정,13,총무과,12/18
13,총무과,12/18,시정현안 관련 간담회 경비 지출,온돌방,14,"총무과   
 총무과",12/19
14,총무과,12/24,청원경찰 격려 간담회 경비 지출,언양불고기,15,총무과,12/25
15,총무과,12/24,소방직원 격려 경비 지출,에스파스,16,"총무과   
 총무과",12/25
16,총무과,12/26,주요시책 관련 언론관계자 간담회 경비 지출,이디야커피 대구범어두레점,17,"총무과   
 총무과",12/27
17,총무과,12/26,주요시책 관련 언론관계자 간담회 경비 지출,청림원,18,"총무과   
 총무과",12/27
18,총무과,12/27,송년 간담회 개최 경비 지출,아라한정식,19,"총무과   
 총무과",12/28
19,총무과,12/31,대구경북 상생교류 직원 격려 간담회 경비 지출,온돌방,20,총무과,1/1
1,총무과,11/1,칠성야시장 개장 준비 직원 격려 간담회 경비 지출,정현대영천식육식당,2,총무과,11/2
2,총무과,11/4,비서실 직원 격려 간담회 경비 지출,현대옥경대병원점,3,총무과,11/5
3,총무과,"11/4   
 11/4",내방객 접대용 음료 등 구입,통통과일(대구점)외 1,4,총무과,11/5
4,총무과,11/4,주요 현안 관련 간담회 경비 지출,도마,5,총무과,11/5
5,총무과,11/5,주요시책 관련 간담회 경비 지출,Le Cabaret Cite & The Rounge,6,총무과,11/6
6,총무과,11/6,시민안전실 직원 격려 간담회 경비 지출,주식회사 대정옥,7,"총무과   
 총무과",11/7
7,총무과,11/6,시정현안 홍보 간담회 경비 지출,언양불고기,8,총무과,11/7
8,총무과,11/7,간부공무원 재정공감 워크숍 다과비 지출,(주)가야호텔,9,"총무과   
 총무과",11/8
9,총무과,11/7,간부공무원 재정공감 워크숍 다과비 지출,신라외식산업,10,"총무과   
 총무과",11/8
10,총무과,"11/7   
 11/7",대한적십자사 연차대회 행사지원 직원 격려 간담회 경비 지출,통영충무김밥,11,"총무과   
 총무과",11/8
11,총무과,11/8,해외 우호협력도시 체결 준비 직원 격려 간담회 경비 지출,크래프트한스 수성레이크점,12,"총무과   
 총무과",11/9
12,총무과,11/9,대구 커피&베이커리 행사 현장 직원 격려 간담회 경비 지출,장원식당,13,총무과,11/10
13,총무과,11/11,국비확보 노고 직원 격려 간담회 경비 지출,해금강,14,총무과,11/12
14,총무과,11/11,대구지구청년회의소 오찬간담회 경비 지출,벙글벙글,15,"총무과   
 총무과","11/12   
 11/12"
15,총무과,"11/12   
 11/12",국회 업무협의 직원 격려 간담회 경비 지출,장독대김치찌개,16,총무과,11/13
16,총무과,11/12,2021 세계가스총회 준비 관련 간담회 경비 지출,양스앤메츠,17,총무과,11/13
17,총무과,"11/12   
 11/12",군공항 이전부지 선정위원회 관련 직원 격려 간담회 경비 지출,석기정 서울역점,18,총무과,11/13
18,총무과,11/18,주요시책 관련 간담회 경비 지출,안압정,19,"총무과   
 총무과","11/19   
 11/19"
19,총무과,11/19,대구시.한국도로공사 신기술플랫폼 업무협약 관련 오찬 경비 지출,안압정,20,"총무과   
 총무과",11/20
20,총무과,"11/22   
 11/22",투자유치 업무추진 직원 격려 간담회 경비 지출,구내식당,21,총무과,11/23
21,총무과,11/23,2019 유네스코 음악창의도시 대구위크 행사지원 직원 격려 간담회 경비 지출,해덕한우,22,총무과,11/24
22,총무과,11/26,한국물기술인증원 개원식 준비 직원 격려 간담회 경비 지출,토석정식당,23,총무과,11/27
23,총무과,11/28,군공항 이전부지 선정위원회 관련 직원 격려 간담회 경비 지출,서울돈까스,24,총무과,11/29
1,총무과,10/1,대구혁신도시 활성화 포럼 행사지원 직원 격려 간담회 경비 지출,부림산채,2,총무과,10/2
2,총무과,10/1,내방객 접대용 음료 등 구입,통통과일(대구점)외 1,3,총무과,10/2
3,총무과,"10/2   
 10/2",서문시장 글로벌 대축제 관련 상인회장단 오찬 간담회 급식비 지출,성주식당,4,총무과,10/3
4,총무과,10/5,대구경북 상생 간담회 경비 지출,파스쿠찌팔공산점,5,총무과,10/6
5,총무과,10/6,태풍 피해복구 종사자 간담회 경비 지출,77회식당외 1,6,"총무과   
 총무과","10/7   
 10/7"
6,총무과,10/7,국정감사 준비 격려 간담회 경비 지출,구내식당,7,총무과,10/8
7,총무과,"10/9   
 10/9",주요시책 관련 간담회 경비 지출,안압정,8,총무과,10/10
8,총무과,10/10,우호도시 관련 해외출장 직원 격려 경비 지출,청도새마을휴게소,9,총무과,10/11
9,총무과,10/14,대구 국제 미래자동차 엑스포 관련 직원 격려 간담회 경비 지출,경복궁 대구점,10,총무과,10/15
10,총무과,10/14,주요시책 관련 간담회 경비 지출,온돌방,11,총무과,10/15
11,총무과,"10/16   
 10/16",중앙부처 업무협의 관련 직원 격려 경비 지출,곱창에빠지다,12,총무과,10/17
12,총무과,10/16,태풍피해 복구지원 및 국정감사 등 현안업무 추진 직원 격려 경비 지출,에스파스,13,총무과,10/17
13,총무과,10/17,근조화세트 구입,가나아트,14,총무과,10/18
14,총무과,10/21,주요시책 관련 간담회 경비 지출,파티온,15,총무과,10/22
15,총무과,10/23,현안업무 직원 격려 경비 지출,도마,16,총무과,10/24
16,총무과,10/24,주요시책 관련 간담회 경비 지출,동해복어,17,총무과,10/25
17,총무과,10/29,주요시책 관련 간담회 경비 지출,다원,18,총무과,10/30
18,총무과,10/30,중앙부처 업무협의 관련 직원 격려 경비 지출,대독장 세종점,19,총무과,"10/31   
 10/31"
19,총무과,10/30,주요시책 관련 간담회 경비 지출,만보가,20,총무과,10/31
1,총무과,9/2,추석맞이 온누리상품권 구입,(주)대구은행/온누리상품권,2,총무과,9/3
2,총무과,9/2,주요시책 관련 간담회 경비 지출,온돌방,3,총무과,9/3
3,총무과,9/3,내방객 접대용 음료 등 구입,통통과일 외 1,4,총무과,9/4
4,총무과,9/6,시정 업무추진 직원 격려 경비 지출,통영충무김밥,5,총무과,9/7
5,총무과,9/6,비서실 직원 격려 간담회 경비 지출,인화반점,6,총무과,9/7
6,총무과,9/9,추석연휴 현장 및 비상근무자 격려금 지출,신천119안전센터 외 2,7,총무과,9/10
7,총무과,9/9,추석맞이 상황근무자 격려물품 구입,대한적십자대구광역지사 외 1,8,총무과,9/10
8,총무과,9/9,서대구역세권 개발 관련 간담회 경비 지출,온돌방,9,총무과,9/10
9,총무과,9/10,시도지사 교환근무 현장지원 직원 격려 경비 지출,팔공식육식당,10,총무과,9/11
10,총무과,9/16,주요시책 관련 간담회 경비 지출,백년한옥청라,11,총무과,9/17
11,총무과,9/17,임시회 준비 직원 격려 간담회 경비 지출,온돌방,12,총무과,9/18
12,총무과,9/19,대구국제재즈축제 지원 직원 격려 경비 지출,어물전,13,총무과,9/20
13,총무과,9/20,대구시민정신 발전방안 관련 간담회 경비 지출,안압정,14,총무과,9/21
1,총무과,8/2,여름철 직원 격려품(자두) 구입,의성중부농업협동조합,2,총무과,8/3
2,총무과,8/2,주요시책 관련 간담회 경비 지출,온돌방,3,총무과,8/3
3,총무과,8/7,주요시책 관련 언론관계자 간담회 경비 지출,인화반점,4,총무과,8/8
4,총무과,8/9,주요시책 관련 간담회 경비 지출,팔선생,5,총무과,8/10
5,총무과,8/9,내방객 접대용 음료 등 구입,오케이마트,6,총무과,8/10
6,총무과,8/15,제74주년 광복절 경축식 안내직원 격려 경비 지출,커피명가 아르떼점,7,총무과,8/16
7,총무과,8/16,주요시책 관련 간담회 경비 지출,아라한정식,8,총무과,8/17
8,총무과,8/26,주요시책 관련 간담회 경비 지출,안압정,9,총무과,8/27
9,총무과,8/27,지역기업 세정지원 관련 관계자 간담회 경비 지출,아라한정식,10,총무과,8/28
10,총무과,8/28,여성UP엑스포 유공자 오찬 간담회 경비 지출,파티온,11,총무과,8/29
11,총무과,8/29,이주노동자 관련 관계자 간담회 경비 지출,홍콩중국요리,12,총무과,8/30
12,총무과,8/30,충주세계무예마스터십 개회식 참석직원 격려 경비 지출,돌장어집,13,총무과,8/31
1,총무과,7/2,지역 주요현안 관련 간담회 경비 지출,편대장영화식당 범어점,2,총무과,7/3
2,총무과,7/2,물기술인증원 유치 추진 직원 격려 경비 지출,대구농특산물유통대구장터지점,3,총무과,7/3
3,총무과,7/3,주요시책 관련 간담회 경비 지출,키사라,4,총무과,7/4
4,총무과,7/3,취임(대구지방경찰청장) 축하화분 구입,제우스플라워,5,총무과,7/4
5,총무과,7/3,내방객 접대용 음료 등 구입,오케이마트 외 1,6,총무과,7/4
6,총무과,7/5,양성평등주간 기념식관련 오찬 간담회 경비 지출,집밥아미정,7,총무과,7/6
7,총무과,7/5,한국문화산업포럼 관계자 간담회 경비 지출,산타마르게리따,8,총무과,7/6
8,총무과,7/8,비서직원 격려 간담회 경비 지출,아담스키친,9,총무과,7/9
9,총무과,7/8,청년수당 관련 업무협약 추진 직원 격려 간담회 경비 지출,파티온,10,총무과,7/9
10,총무과,7/9,시장님-직원간 소통행사「허물없데이」참석 직원 간담회 경비 지출,롯데마트칠성점 외 1,11,총무과,7/10
11,총무과,7/9,청년정책 관련 간담회 경비 지출,파티온,12,총무과,7/10
12,총무과,7/11,시장님-직원간 소통행사「허물없데이」참석 직원 간담회 경비 지출,메이드림 외 2,13,총무과,7/12
13,총무과,7/12,초복맞이 직원 격려품 구입,대명과일,14,총무과,7/13
14,총무과,7/12,광주세계수영선수권대회 개막식 현장지원 직원 격려 간담회 경비 지출,무진장해물탕,15,총무과,7/13
15,총무과,7/14,주요시책 관련 간담회 경비 지출,슈치쿠,16,총무과,7/15
16,총무과,7/15,총무팀 직원 격려 간담회 경비 지출,동해복어,17,총무과,7/16
17,총무과,7/15,취임(중부경찰서장) 축하화분 구입,제우스플라워,18,총무과,7/16
18,총무과,7/16,이스라엘 수출 및 국제협력원 업무협약 준비 직원 격려 간담회 경비 지출,참배나무골,19,총무과,7/17
19,총무과,7/16,해외 투자유치 관련 직원 격려 간담회 경비 지출,부림산채,20,총무과,7/17
20,총무과,7/17,치맥페스티벌 추진 직원 격려 경비 지출,통영충무김밥,21,총무과,7/18
21,총무과,7/22,대구지역 상생협력사업 발굴 관계자 간담회 경비 지출,온돌방,22,총무과,7/23
22,총무과,7/23,광주세계수영선수권대회 대구의날 취재 직원 격려 간담회 경비 지출,산삼골휴게소,23,총무과,7/24
23,총무과,7/23,시도지사협의회 업무추진 관련 직원 격려 간담회 경비 지출,거북선횟집,24,총무과,7/24
24,총무과,7/24,비서실 직원 격려 간담회 경비 지출,제형면옥 범어점,25,총무과,7/25
25,총무과,7/25,지역중소기업 경쟁력 제고 관련 간담회 경비 지출,온돌방,26,총무과,7/26
26,총무과,7/25,주요시책 관련 간담회 경비 지출,살맛나는집,27,총무과,7/26
1,총무과,6/1,지역 섬유패션산업 해외진출 관련 간담회 경비 지출,벙글벙글,2,총무과,6/2
2,총무과,6/3,주요시책 관련 간담회 경비 지출,다원,3,총무과,6/4
3,총무과,6/4,시정현안 홍보관련 언론관계자 간담회 경비 지출,레드피아노,4,총무과,6/5
4,총무과,6/5,주요시책 관련 간담회 경비 지출,봉희가든,5,총무과,6/6
5,총무과,6/6,제64회 현충일 추념식 행사 현장근무 직원 격려 간담회 경비 지출,상주식당,6,총무과,6/7
6,총무과,6/7,2020 대구경북 관광의해 선포식 참석 직원 격려 간담회 경비 지출,석기정 서울역점,7,총무과,6/8
7,총무과,6/10,시장혁신포럼 업무추진 직원 격려 간담회 경비 지출,아모제푸드㈜인천공항점,8,총무과,6/11
8,총무과,6/10,투자유치 간담회 개최 비용 지출,노보텔,9,총무과,6/11
9,총무과,6/12,내방객 접대용 음료 등 구입,오케이마트 외 1,10,총무과,6/13
10,총무과,6/12,청두 시장혁신포럼 행사 참가자 간담회 비용 지출,XIANG TU GU,11,총무과,6/13
11,총무과,6/13,주요시책 관련 간담회 경비 지출,만보가,12,총무과,6/14
12,총무과,6/14,외국노동자 권익보호 관련 간담회 경비 지출,만보가,13,총무과,6/15
13,총무과,6/16,대구경북 상생협력 주요시책 간담회 경비 지출,인터불고호텔,14,총무과,6/17
14,총무과,6/18,예산담당관실 직원 격려 간담회 경비 지출,만랩커피 세종정부청사점,15,총무과,6/19
15,총무과,6/18,예산반영 건의 기재부 방문 간담회 개최에 따른 경비 지출,쓰촨세종점,16,총무과,6/19
16,총무과,6/18,웹툰산업 활성화를 위한 간담회 급식비 지출,민화사랑한정식,17,총무과,6/19
17,총무과,6/21,국비확보 및 지방재정 신속집행 추진 직원 격려 간담회 경비 지출,풀꽃밥상,18,총무과,6/22
18,총무과,6/22,대구국제뮤지컬페스티벌 추진 직원 격려 간담회 경비 지출,풀꽃밥상,19,총무과,6/23
19,총무과,6/24,공용차량 운행 직원 격려 간담회 경비 지출,이월드,20,총무과,6/25
20,총무과,6/27,비서직원 격려 간담회 경비 지출,윤가네식당,21,총무과,6/28
21,총무과,6/27,미래형 일자리 노사정 협약식 준비 직원 격려 경비 지출,경복궁 대구점,22,총무과,6/28
1,총무과,4/30,내방객 접대용 음료 등 구입,오케이마트 외 1,2,총무과,5/1
2,총무과,5/2,외국대사 예방업무 행사 직원 격려 간담회 경비 지출,온돌방,3,총무과,5/3
3,총무과,5/2,일자리투자국 직원 격려 간담회 경비 지출,안압정갈비식당,4,총무과,5/3
4,총무과,5/3,달구벌 관등놀이 화재대비 근무 직원 등  격려 경비 지출,에스파스,5,총무과,5/4
5,총무과,5/3,시정현안 관련 원로 자문 간담회 경비 지출,시골어탕,6,총무과,5/4
6,총무과,5/5,컬러풀페스티벌 현장 직원 격려 간담회 경비 지출,돼지식당,7,총무과,5/6
7,총무과,5/7,노사화합 관련 관계자 간담회 경비 지출,아라한정식,8,총무과,5/8
8,총무과,5/9,보좌업무 등 직원 격려 간담회 경비 지출,동해복어,9,총무과,5/10
9,총무과,5/9,정책기획관실 직원 격려 간담회 경비 지출,통영충무김밥,10,총무과,5/10
10,총무과,5/10,중앙부처 업무협의 방문 지역특산품 제공 경비 지출,삼송제시카즈베이커리,11,총무과,5/11
11,총무과,5/11,부처님오신날 봉축점등식 행사지원 직원 격려 간담회 경비 지출,아라한정식,12,총무과,5/12
12,총무과,5/14,허물없데이 행사 참석 직원 격려를 위한 간식 구입,쥬씨 경북대병원점 외 2,13,총무과,5/15
13,총무과,5/14,시정현안 관련 간담회 경비 지출,온돌방,14,총무과,5/15
14,총무과,5/14,한국물기술인증원 유치 관련 언론관계자 브리핑 다과 구입,현대백화점대구점,15,총무과,5/15
15,총무과,5/15,비서실 직원 격려 간담회 경비 지출,삼덕에비뉴,16,총무과,5/16
16,총무과,5/15,내방객 접객용 음료 등 구입,오케이마트 외 1,17,총무과,5/16
17,총무과,5/19,5.18기념식 수행 등 직원 격려 간담회 경비 지출,해금강,18,총무과,5/20
18,총무과,5/24,태국 관광마케팅 추진 직원 격려 간담회 경비 지출,손수헌,19,총무과,5/25
19,총무과,5/27,근조화세트 구입,가나아트,20,총무과,5/28
20,총무과,5/27,대구FC 시민후원 관계자 간담회 경비 지출,호텔인터불고,21,총무과,5/28
21,총무과,5/28,수행비서 등 직원 격려 간담회 경비 지출,만촌소문난국밥,22,총무과,5/29
22,총무과,5/30,주요시책 관련 시의회 간담회 경비 지출,돌복집,23,총무과,5/31
23,총무과,5/30,대구경북 시도상생 업무추진 관련 간담회 경비 지출,신등갈비,24,총무과,5/31
24,총무과,5/31,규제혁신 현장간담회 경비 지출,해금강,25,총무과,6/1
1,총무과,4/2,청사 공무직 격려 경비 지출,에스파스,2,총무과,4/3
2,총무과,4/2,시정현안 홍보 간담회 경비 지출,만보가,3,총무과,4/3
3,총무과,4/4,시정현안 관련 간담회 경비 지출,파티온,4,총무과,4/5
4,총무과,4/5,시정현안 관련 간담회 경비 지출,온돌방,5,총무과,4/6
5,총무과,4/5,신청사건립추진공론화위원회 간담회 경비 지출,벙글벙글,6,총무과,4/6
6,총무과,4/7,대구국제마라톤대회 현장직원 격려 간담회 경비 지출,삼덕골남원추어탕,7,총무과,4/8
7,총무과,4/10,시도 상생협력 현장방문 직원격려 간담회 경비 지출,맷돌순두부,8,총무과,4/11
8,총무과,4/10,영일만항 활성화 MOU 체결 관련 관계자 간담회 경비 지출,신항만대게,9,총무과,4/11
9,총무과,4/15,시정현안 관련 간담회 경비 지출,신안촌,10,총무과,4/16
10,총무과,4/15,시정현안 관련 간담회 경비 지출,아노,11,총무과,4/16
11,총무과,4/16,부속실 직원 격려 간담회 경비 지출,명성식육식당,12,총무과,4/17
12,총무과,4/16,주요시책 관련 언론관계자 간담회 경비 지출,부창생갈비,13,총무과,4/17
13,총무과,4/17,"국회,중앙부처 협력업무 직원 격려 간담회 경비 지출",규반,14,총무과,4/18
14,총무과,4/19,산불진화 근무 등 직원 격려 경비 지출,에스파스,15,총무과,4/20
15,총무과,4/22,수행직원 격려 간담회 경비 지출,동명휴게소,16,총무과,4/23
16,총무과,4/23,시정현안 의회 협력 관련 간담회 경비 지출,온돌방,17,총무과,4/24
17,총무과,4/25,시정현안 의회 협력 관련 간담회 경비 지출,마늘칼국수,18,총무과,4/26
18,총무과,4/26,국가안전대진단 현장점검 관련 관계자 간식 구입 지출,교촌치킨,19,총무과,4/27
19,총무과,4/27,직원 격려 간담회 경비 지출,고령촌돼지찌개,20,총무과,4/28
20,총무과,4/29,시정현안 관련 간담회 경비 지출,만보가,21,총무과,4/30
1,총무과,3/4,직원 격려 간담회 경비 지출,교촌치킨 중앙점 외 2,2,총무과,3/5
2,총무과,3/5,시정현안 업무추진 직원 격려 경비 지출,엘리펀트피자 외 3,3,총무과,3/6
3,총무과,3/7,싱가포르 모노레일 현지법인 개소식 관련 간담회 경비 지출,DUSK,4,총무과,3/8
4,총무과,3/10,시정현안 관련 간담회 경비 지출,경복궁 대구점,5,총무과,3/11
5,총무과,3/11,직원 격려 간담회 경비 지출,꿈을요리하다닭한끼침산점,6,총무과,3/12
6,총무과,3/13,직원 격려 간담회 경비 지출,부림산채,7,총무과,3/14
7,총무과,3/14,직원 격려 경비 지출,채다올김밥,8,총무과,3/15
8,총무과,3/15,직원 격려 경비 지출,통영충무김밥,9,총무과,3/16
9,총무과,3/16,직원 격려 간담회 경비 지출,엄마손칼국수,10,총무과,3/17
10,총무과,3/18,시정현안 홍보 간담회 경비 지출,감포은정복어,11,총무과,3/19
11,총무과,3/19,직원 격려 경비 지출,현대옥 경대병원점,12,총무과,3/20
12,총무과,3/20,시정현안 관련 간담회 경비 지출,㈜이월드,13,총무과,3/21
13,총무과,3/21,직원 격려 경비 지출,푸른회식당,14,총무과,3/22
14,총무과,3/22,로봇산업 육성 전략 보고회 근무 직원 격려 경비 지출,원조현풍박소선할매집곰탕 외 2,15,총무과,3/23
15,총무과,3/22,시정현안 관련 간담회 경비 지출,황소식당,16,총무과,3/23
16,총무과,3/23,직원 격려 경비 지출,장원식당,17,총무과,3/24
17,총무과,3/25,대구경북상생협력 추진 관련 간담회 경비 지출,동심각,18,총무과,3/26
18,총무과,3/26,시정현안 관련 간담회 경비 지출,수목은갈치,19,총무과,3/27
19,총무과,3/26,사회서비스 공공성 강화 관련 간담회 경비 지출,민수사,20,총무과,3/27
20,총무과,3/27,우수부서 격려 온누리상품권 구입비 지출,(주)대구은행/온누리상품권,21,총무과,3/28
21,총무과,3/29,대구경북 자치단체장 연석회의 참석자 간담회 경비 지출,라페루즈,22,총무과,3/30
22,총무과,3/30,대구경북 자치단체장 연석회의 참석자 간담회 경비 지출,농가맛집산마을,23,총무과,3/31
23,총무과,3/30,구군 상생협력 간담회 경비 지출,영일만물곰식당,24,총무과,3/31
1,총무과,1/31,시정현안 관련 간담회 경비 지출,안압정,2,총무과,2/1
2,총무과,2/1,설맞이 상황근무자 격려물품 구입,농업회사법인 대구농특산물유통 주식회사,3,총무과,2/2
3,총무과,2/1,직원 격려 간담회 경비 지출,피자에땅 (지산범물점)외 6,4,총무과,2/2
4,총무과,2/8,시정현안 간담회 경비 지출,안압정,5,총무과,2/9
5,총무과,2/11,시정현안 간담회 경비 지출,노보텔앰배서더대구,6,총무과,2/12
6,총무과,2/12,근조화세트 구입,가나아트,7,총무과,2/13
7,총무과,2/12,내방객 접대용 음료 등 구입,오케이마트,8,총무과,2/13
8,총무과,2/12,직원 격려 간담회 경비 지출,교촌치킨지묘봉무점,9,총무과,2/13
9,총무과,2/12,직원 격려 간담회 경비 지출,아라한정식,10,총무과,2/13
10,총무과,2/20,시정현안 관련 간담회 경비 지출,서초복집,11,총무과,2/21
11,총무과,2/22,시정현안 관련 간담회 경비 지출,온돌방,12,총무과,2/23
12,총무과,2/23,직원 격려 간담회 경비 지출,현대옥 경대병원점,13,총무과,2/24
13,총무과,2/26,직원 격려 간담회 경비 지출,아라한정식,14,총무과,2/27
14,총무과,2/27,내방객 접대용 음료 등 구입,이마트칠성점 외 1,15,총무과,2/28
1,총무과,1/2,2019년 시무식 행사 관련 다과 구입비 지출,대원떡집외 2,2,총무과,1/3
2,총무과,1/3,2019년 실국 핵심사업  보고회 관련 시정현안 간담회 경비 지출,장원,3,총무과,1/4
3,총무과,1/4,2019년 실국 핵심사업  보고회 관련 시정현안 간담회 경비 지출,동해복어,4,총무과,1/5
4,총무과,1/9,2019년도 적십자 특별회비 지출,대한적십자사 대구광역시지사,5,총무과,1/10
5,총무과,1/10,내방객 접대용 음료 등 구입,오케이마트외 1,6,총무과,1/11
6,총무과,1/11,직원 격려 간담회 경비 지출,동심각,7,총무과,1/12
7,총무과,1/15,2019년 실국 핵심사업  보고회 관련 시정현안 간담회 경비 지출,동인삼계탕,8,총무과,1/16
8,총무과,1/16,시도지사 교환근무 참여직원 격려 간담회 경비 지출,(주)광동유통안동하휴게소,9,총무과,1/17
9,총무과,1/16,시도지사 교환근무 행사 참석직원 격려 간담회 경비 지출,구내식당운영위원회,10,총무과,1/17
10,총무과,1/16,시도지사 상생협력 2차 교환근무 행사 만찬 간담회 경비 지출,동해해물탕송정점,11,총무과,1/17
11,총무과,1/17,2019 여성신년교례회 참석 직원 격려간담회 경비 지출,주식회사 즐거운세상 인터불고 호텔지점,12,총무과,1/18
12,총무과,1/21,직원 격려 간담회 경비 지출,명성식육식당,13,총무과,1/22
13,총무과,1/24,직원 격려 간담회 경비 지출,아라한정식/(주)다인필,14,총무과,1/25
14,총무과,1/25,설맞이 온누리 상품권 구입비 지출,(주)대구은행/온누리상품권,15,총무과,1/26
15,총무과,1/25,직원 격려 간담회 경비 지출,피자에땅,16,총무과,1/26
16,총무과,1/27,시정현안 간담회 경비 지출(시장),주식회사 즐거운세상 인터불고 호텔지점,17,총무과,1/28
17,총무과,1/30,설 연휴 현장 및 비상근무자 격려금 지출,119종합상황실 외,18,총무과,1/31
1,총무과,11/30,행복아카데미 운영 관련 간담회 경비 지출,온돌방,2,총무과,12/1
2,총무과,12/1,2018 동성로 축제 관련 홍보간담회 경비 지출,만보가,3,총무과,12/2
3,총무과,12/1,대구커피앤드베이커리 축제 참석직원 격려,온천골,4,총무과,12/2
4,총무과,12/3,직원격려 간담회 경비 지출,무아카페,5,총무과,12/4
5,총무과,12/3,달빛혁신 성장 펀드 관련 직원 격려 간담회 경비 지출,인화반점,6,총무과,12/4
6,총무과,12/4,국비 확보 관련 간담회 경비 지출,장독대김치찌게,7,총무과,12/5
7,총무과,12/5,내방객 접대용 음료 등 구입,이마트 칠성점,8,총무과,12/6
8,총무과,12/5,내방객 접대용 음료 등 구입,오케이마트 외 1,9,총무과,12/6
9,총무과,12/8,시도간부 공무원 간담회 경비 지출,인화반점,10,총무과,12/9
10,총무과,12/9,지역 혁신 인재 양성 관련 오찬 간담회 경비 지출,무아카페,11,총무과,12/10
11,총무과,12/10,대구시정 관련 직원 격려물품비 지출,온누리상품권,12,총무과,12/11
12,총무과,12/11,명예퇴직자 등 오찬간담회 경비 지출,아라한정식,13,총무과,12/12
13,총무과,12/13,시정현안 논의를 위한 언론인 간담회 경비 지출,안압정갈비식당,14,총무과,12/14
14,총무과,12/13,퇴직자 격려 오찬 경비 지출,온돌방,15,총무과,12/14
15,총무과,12/14,시정현안 논의를 위한 간담회 경비 지출,경복궁 대구점,16,총무과,12/15
16,총무과,12/14,선배공무원과 함께 하는 홈커밍데이 다과비 지출,레드리본사회적협동조합,17,총무과,12/15
17,총무과,12/17,2018 업무추진 우수부서 격려 간담회 경비 지출,피자에땅 외 4,18,총무과,12/18
18,총무과,12/18,중국항주 해외 출장직원 격려 간담회 경비 지출,해금강,19,총무과,12/19
19,총무과,12/19,2018년 정례회 폐회에 따른 관계직원 격려 간담회 경비 지출,온돌방,20,총무과,12/20
20,총무과,12/21,직원격려 간담회 경비 지출,감미정,21,총무과,12/22
21,총무과,12/21,노사화홥 한마당 행사 참석직원 격려 간담회 경비 지출,고령촌돼지찌개,22,총무과,12/22
22,총무과,12/24,대구광역시 새마을회 간담회 경비 지출,동심각,23,총무과,12/25
23,총무과,12/27,중국 성화성 그룹 회장단 초청간담회 경비 지출,㈜32마루수성,24,총무과,12/28
24,총무과,12/27,직원격려 간담회 경비 지출,장독대김치찌게,25,총무과,12/28
25,총무과,12/27,직원 격려 간담회 경비 지출,피자에땅 외 3,26,총무과,12/28
26,총무과,12/28,대구시-성화성 업무협력 MOU 체결을 위한 간담회 경비지출,아라한정식,27,총무과,12/29
27,총무과,12/28,주요 시정현안 협의 간담회 경비 지출,㈜호텔금오산,28,총무과,12/29
28,총무과,12/28,직원 격려 간담회 경비 지출,아르떼&커피명가,29,총무과,12/29
1,총무과,10/31,주요 시정 현안 논의를 위한 간담회 경비 지출,군위(부산)휴게소,2,총무과,11/1
2,총무과,11/1,대구 국제미래자동차 엑스포 참여 직원 격려,부용,3,총무과,11/2
3,총무과,11/2,대구 경북 상생관련 직원격려,대구은행 대구시청,4,총무과,11/3
4,총무과,11/2,시 원로자문협의회 참석 직원 격려,시골어탕,5,총무과,11/3
5,총무과,11/3,제3회 전국스포츠클럽 교류대회 참석직원 격려,옻골손국수,6,총무과,11/4
6,총무과,11/8,직원 격려 간담회 경비 지출,해금강,7,총무과,11/9
7,총무과,11/9,시 체육회 회장단 만찬 간담회 경비 지출,인화반점,8,총무과,11/10
8,총무과,11/14,국회협의 관련 직원 격려 간담회 경비 지출,고반식당,9,총무과,11/15
9,총무과,11/14,내방객 접대용 음료 등 구입경비 지출,오케이,10,총무과,11/15
10,총무과,11/15,물산업클러스터 입주기엽 간담회 참석직원 격려,호텔인터불고,11,총무과,11/16
11,총무과,11/16,직원격려 간담회 경비 지출,아라한정식,12,총무과,11/17
12,총무과,11/18,시장기 생활체육 배드민턴대회 참여직원 격려,동심각,13,총무과,11/19
13,총무과,11/19,시정현안 업무 추진 간담회 참석자 격려,초원부대찌게,14,총무과,11/20
14,총무과,11/19,시정현안 업무 추진 간담회 참석자 격려,장황,15,총무과,11/20
15,총무과,11/19,직원 격려 간담회 경비 지출,명성식육식당,16,총무과,11/20
16,총무과,11/20,직원 격려 간담회 경비 지출,명성식육식당,17,총무과,11/21
17,총무과,11/21,지역경제 활성화 간담회 경비 지출,예향,18,총무과,11/22
18,총무과,11/23,2018년 하반기 대학생인턴 시티투어 참여자 급식비 지출,국립대구과학관,19,총무과,11/24
19,총무과,11/25,국회 예산 협의 간담회 참석 직원 격려,정인면옥,20,총무과,11/26
20,총무과,11/29,시정현안 업무 추진 간담회 참석자 격려,통영충무김밥,21,총무과,11/30
1,총무과,9/28,내방객 접대용 음료 구입 경비 지출(시장),롯데마트,2,총무과,9/29
2,총무과,10/1,직원 격려 간담회 경비 지출,아라한정식,3,총무과,10/2
3,총무과,10/1,건설교통국 업무보고 참석 직원 격려,장원,4,총무과,10/2
4,총무과,10/2,시도지사 교환근무 행사 참석 직원 격려,광동유통안동하휴게소,5,총무과,10/3
5,총무과,10/6,태풍대비 비상근무 직원 격려,동해복어,6,총무과,10/7
6,총무과,10/7,영남일보 창간기념 특별토론회 참석 직원 격려,제형면옥,7,총무과,10/8
7,총무과,10/8,태풍 콩레이 피해지역 방문 및 성금전달식 참여 직원 격려,시장식육식당,8,총무과,10/9
1,총무과,10/16,무형문화재 제전 개막식 참여직원 격려 간담회 경비 지출,자금성,2,총무과,10/17
2,총무과,10/18,내방객 접대용 음료 등 구입 경비 지출(시장),오케이마트,3,총무과,10/19
3,총무과,10/19,광주 세게인권 포럼 참가 직원 격려 간담회 경비 지출,달인청국장,4,총무과,10/20
4,총무과,10/19,위아자 나눔장터 관련 시정홍보 간담회 개최비용 지출,벙글벙글,5,총무과,10/20
5,총무과,10/23,경북 도민의 날 행사 참여직원 간담회 경비 지출,㈜광동유통안동하휴게소,6,총무과,10/24
6,총무과,10/23,공사 공단 출연 기관장 만찬 간담회 경비 지출,부용,7,총무과,10/24
7,총무과,10/24,시정현안 관련 언론인 간담회 경비 지출,닭올닭,8,총무과,10/25
8,총무과,10/25,비서실 직원 격려,굴마을굴국밥시청점,9,총무과,10/26
9,총무과,10/26,간부공무원 소통 공감 워크숍 소통상생 한마당 다과비 지출,한국국학진흥원,10,총무과,10/27
10,총무과,10/27,간부공무원 소통 공감 워크숍 참석자 격려 간담회 경비 지출,군위(부산)휴게소,11,총무과,10/28
11,총무과,10/27,간부공무원 소통 공감 워크숍 한마음 체육대회 다과비 지출,신라외식사업,12,총무과,10/28
12,총무과,10/29,시정현안 관련 언론인 간담회 비용 지출,감포은정복어,13,총무과,10/30
13,총무과,10/30,시정현안 관련 언론인 간담회 비용 지출,민소한우,14,총무과,10/31
14,총무과,10/31,제3회 외국인 투자 카라반 행사 참석직원 격려,윤가네식당,15,총무과,11/1
1,총무과,8/31,대구시 미래산업 관련 간담회 경비 지출,안압정갈비식당,2,총무과,9/1
2,총무과,9/3,전기화물차 도입 관련 간담회 경비 지출,키사라,3,총무과,9/4
3,총무과,9/4,여론조사 및 시정현안 논의를 위한 간담회 경비지출,온돌방,4,총무과,9/5
4,총무과,9/5,지역혁신 인재 양성 프로젝트 수립회의 참석자 격려,동해복어,5,총무과,9/6
5,총무과,9/5,직원격려 간담회 경비 지출,감미정,6,총무과,9/6
6,총무과,9/6,시정 현안 논의를 위한 홍보 간담회,안압정갈비식당,7,총무과,9/7
7,총무과,9/6,시정 현안 논의를 위한 홍보 간담회,만리장성,8,총무과,9/7
8,총무과,9/6,시정 현안 논의를 위한 홍보 간담회,온돌방,9,총무과,9/7
9,총무과,9/6,제31회 전국소방기술경연대회 및 세계소방관대회 참여 소방공무원 격려금 지출(시장),소방본부,10,총무과,9/7
10,총무과,9/7,시정 현안 논의를 위한 홍보 간담회,해초연,11,총무과,9/8
11,총무과,9/10,시의회 전현직 의장 오찬 간담회 개최,비원,12,총무과,9/11
12,총무과,9/10,추석맞이 전통시장 활성화 관련 온누리 상품권 구입비 지출,온누리상품권,13,총무과,9/11
13,총무과,9/10,민선7기 출범업무계획 보고회 참석 직원 격려,장원,14,총무과,9/11
14,총무과,9/12,국제 물주간 개회식 참석 직원 격려,국물두루치기찌개,15,총무과,9/13
15,총무과,9/13,국제물주간 행사 참석 지원 격려,국물두루치기찌개,16,총무과,9/14
16,총무과,9/14,비서실 직원 격려,촌당,17,총무과,9/15
17,총무과,9/14,국제오페라 참석 직원 격려,꿈을요리하다닭한끼침산점,18,총무과,9/15
18,총무과,9/17,대구 정책 오페라 관련 간담회 경비 지출,파티온,19,총무과,9/18
19,총무과,9/17,대구 경북 국회의원 예산협의회 참석 지원 격려,부림산채,20,총무과,9/18
20,총무과,9/20,시정 주요현안 논의 및 홍보 간담회 경비 지출,중화반점,21,총무과,9/21
21,총무과,9/20,추석맞이 현장근무자 격려물품 구입,대한적십자사 대구광역지사,22,총무과,9/21
22,총무과,9/20,추석 연휴 상황근무자 격려금(시장),119종합상황실 외 2,23,총무과,9/21
23,총무과,9/21,추석 관련 지역원로 홍보품 구입 경비 지출,약령시사람들,24,총무과,9/22
24,총무과,9/21,추석맞이 상황근무자 격려물품 구입,다운협회,25,총무과,9/22
25,총무과,9/28,물 기술 인증원 유치를 위한 간담회 경비 지출,한화호텔리조트㈜,26,총무과,9/29
26,총무과,9/28,내방객 접대용 음료 등 구입 경비 지출(시장),오케이마트,27,총무과,9/29
1,총무과,7/31,보훈단체 위문품 구입비 지출,대명과일,2,총무과,8/1
2,총무과,7/31,청원경찰 및 전의경 대원 격려품 구입(시장),대명과일,3,총무과,8/1
3,총무과,7/31,예산정책 협의회 참석 실국장 격려 간담회,부산갈비,4,총무과,8/1
4,총무과,8/1,국비확보 관련 기획재정부 방문 참석자 격려,추풍령휴게소,5,총무과,8/2
5,총무과,8/1,국비확보 관련 기획재정부 방문 참석자 격려,상리식당,6,총무과,8/2
6,총무과,8/2,내방객 접대용 음료 등 구입 경비지출(시장),오케이마트,7,총무과,8/3
7,총무과,8/2,비서실 직원 격려,한울식당,8,총무과,8/3
8,총무과,8/3,공산 야행 걷기 대회 참여직원 격려,부림산채,9,총무과,8/4
9,총무과,8/4,협회장기 태권도 품세겨루기 대회 참여직원 격려,현대옥,10,총무과,8/5
10,총무과,8/6,비서실 직원 격려,윤가네식당,11,총무과,8/7
11,총무과,8/7,대구경북 상생관련 간담회,동심각,12,"총무과   
 총무과","8/8   
 8/8"
12,총무과,8/8,중부경찰서장 축하화환 구입,제우스플라워,13,총무과,8/9
13,총무과,8/8,혁신성장 관계장관 회의 겸 시도지사 회의 참여 직원 격려,"대신기업㈜
칠곡영업소",14,총무과,8/9
14,총무과,8/10,시정주요현안 간담회,가야성,15,총무과,8/11
15,총무과,8/10,시정 주요현안 간담회,편대장영화식당,16,총무과,8/11
16,총무과,8/12,민선7기 시정혁신 방안 간담회,백림정,17,총무과,8/13
17,총무과,8/14,내방객 접대용 음료 등 구입경비 지출,시루원외1,18,총무과,8/15
18,총무과,8/16,대학생 인턴체험 공유마당 참여 직원격려,엄마손칼국수,19,총무과,8/17
19,총무과,8/16,치맥페스티벌 해단식에 따른 간담회 비용지출,자금성,20,총무과,8/17
20,총무과,8/17,간부공무원 만찬 간담회 개최,아라한정식,21,총무과,8/18
21,총무과,8/17,비서실 직원 격려,치킨호감,22,총무과,8/18
22,총무과,8/23,태풍대비 상황실 근무자 격려,통영충무김밥,23,총무과,8/24
23,총무과,8/23,상수도과불화 화합물 검출 관련 대책회의 참석자 격려,동해복어,24,총무과,8/24
24,총무과,8/24,시정주요 현안 논의를 위한 간담회 경비 지출,만보가,25,총무과,8/25
25,총무과,8/28,내방객 접대용 음료 등 구입 경비 지출(시장),오케이마트,26,총무과,8/29
26,총무과,8/29,시정방안 논의를 위한 간담회 경비 지출,인터불고호텔,27,총무과,8/30
27,총무과,8/29,시민원탁회의 참석 직원 격려,새만동식당,28,총무과,8/30
28,총무과,8/30,제8기 시의회 원구성에 따른 간담회 경비 지출,중화반점,29,총무과,8/31
1,총무과,7/1,민선7기 출범에 따른 시정현안 논의,자금성,2,총무과,7/2
2,총무과,7/3,시정 주요현안 논의를 위한 간담회,해덕한우,3,총무과,7/4
3,총무과,7/3,시정현안 추진 관련 간담회,낙영찜갈비,4,총무과,7/4
4,총무과,7/4,사회적기업 카페 개소식 관련 직원 격려,부림산채,5,총무과,7/5
5,총무과,7/5,내방객 접대용 음료 등 구입,오케이마트 외1,6,총무과,7/6
6,총무과,7/5,시의회 의장 취임 축하화환 구입,제우스플라워,7,총무과,7/6
7,총무과,7/5,대구미래비전2030위원회 격려 만찬,만보가,8,총무과,7/6
8,총무과,7/5,시정현안 논의를 위한 간담회,청맥식당,9,총무과,7/6
9,총무과,7/6,메디엑스포 개막식 참석 직원 격려,본도시락 대구엑스코점,10,총무과,7/7
10,총무과,7/6,시정현안 논의를 위한 간담회,티원서울역점,11,총무과,7/7
11,총무과,7/9,비서실 직원 격려,동해복어,12,총무과,7/10
12,총무과,7/9,민선7기 시정현안 간담회,안동국시,13,총무과,7/10
13,총무과,7/12,한국지방신문협회 편집국장 회의 참석자 격려,대어초밥,14,총무과,7/13
14,총무과,7/12,시정 주요현안 논의 관련 간담회,그랜드관광호텔,15,총무과,7/13
15,총무과,7/14,사회적경제박람회 참석자 오찬,아미정,16,총무과,7/15
16,총무과,7/16,상하수도협회 파견근무자 격려,꿈을요리하다닭한끼침산점,17,총무과,7/17
17,총무과,7/17,"명예퇴직,공로연수 대상 공무원 간담회 개최에 따른 급식비 지출",낙영찜갈비,18,총무과,7/18
18,총무과,7/20,초복맞이 직원 격려품(수박)구입,대명과일,19,총무과,7/21
19,총무과,7/23,해병대 순직 장병 합동영결식 참석 직원 격려,씨앤에스에너지(주)영천,20,총무과,7/24
20,총무과,7/24,시정 주요현안 논의를 위한 간담회,자금성,21,총무과,7/25
21,총무과,7/25,도시철도 운영관리 협약 체결에 따른 간담회,코레일유통㈜대구지점,22,총무과,7/26
22,총무과,7/30,시정현안 추진관련 간담회,만보가,23,총무과,7/31
1,총무과,6/19,내방객 접대용 음료 등 구입,오케이마트 외1,2,총무과,6/20
2,총무과,6/21,국비확보 추진을 위한 의원초청 간담회,키사라,3,총무과,6/22
3,총무과,6/22,제7기 시정방향 설정을 위한 전문가 의견 청취,봉산집,4,총무과,6/23
4,총무과,6/24,시정현안 논의를 위한 간담회,온돌방,5,총무과,6/25
5,총무과,6/29,시정주요현안 관련 언론인 간담회,대어초밥,6,총무과,6/30
1,총무과,5/2,DGIST innovation2034 행사 참석직원 격려 간담회,부림산채,2,총무과,5/3
3,총무과,5/2,내방객 접대용 음료 등 구입,오케이마트,4,총무과,5/3
2,총무과,5/8,미래자동차 산업추진 관련 관계공무원 간담회,그랜드관광호텔,3,총무과,5/9
4,총무과,5/9,내방객 접대용 음료 등 구입,오케이마트 외1,5,총무과,5/10
4,총무과,5/9,소방안전본부 직원격려 간담회,벙글벙글,5,총무과,5/10
1,총무과,4/13,새마을의 날 기념식 참석 직원 격려 간담회,홍짜장,2,총무과,4/14
2,총무과,4/14,팔공산 벚꽃축제 참석직원 격려 간담회,만솥,3,총무과,4/15
3,총무과,4/17,서상돈상참석 직원 격려 간담회,인터불고,4,총무과,4/18
4,총무과,4/18,내방객 접대용 음료 등 구입,오케이마트 외1,5,총무과,4/19
5,총무과,4/20,장애인의날 기념식 참석 직원 격려 간담회,칠성동할매콩국수,6,총무과,4/21
6,총무과,4/23,서대구역 기공 관련 담당부서 격려 간담회,송정가든,7,총무과,4/24
7,총무과,4/24,고용노사민정협의회 관련 담당부서 격려 간담회,안동갈비,8,총무과,4/25
8,"총무과   
 총무과",4/25,소방안전박람회 참석 직원 격려 간담회,서산국밥,9,총무과,4/26
1,총무과,3/3,시장기 생활체육볼링대회 행사관련 직원격려 간담회,이화국수,2,총무과,3/4
2,총무과,3/4,통합공항 이전 추진 관계부서 직원 격려 간담회,온돌방,3,총무과,3/5
3,총무과,3/5,시정주요 현안 논의 간담회,청산,4,총무과,3/6
4,총무과,3/6,내방객 접대용 음료 등 구입,오케이마트 외1,5,총무과,3/7
5,총무과,3/6,시민대학 등 시정참여 관련 협조 간담회,대봉가든,6,총무과,3/7
6,총무과,3/9,예총회장단 간담회 참석직원 격려,2호집,7,총무과,3/10
7,"총무과   
 총무과",3/9,달빛내륙철도 경유지 지자체장 협의회 출범식 관련 간담회 경비 지출,㈜즐거운세상인터불고 호텔,8,총무과,3/10
8,총무과,3/13,원로자문협의회 간담회 참석직원 격려,시골어탕,9,총무과,3/14
9,총무과,3/14,대구군공항 이전부지 선정위원회 추진관련 직원격려 간담회,뜸방이와묵은김치,10,총무과,3/15
10,"총무과   
 총무과",3/15,행사 참여 직원 격려 간담회,동아쌈밥&찜,11,총무과,3/16
11,총무과,3/16,JC전국회원대회 관계부서 직원 격려 간담회,동해복어,12,총무과,3/17
12,"총무과   
 총무과",3/18,생활체육 배드민턴 대회 참가 직원 격려 간담회,가야성,13,총무과,3/19
13,"총무과   
 총무과",3/20,내방객 접대용 음료 등 구입,오케이마트 외2,14,총무과,3/21
14,"총무과   
 총무과",3/23,세계물의날 기념식 관련 부서 직원 격려 간담회,안동갈비,15,총무과,3/24
15,"총무과   
 총무과",2/28,사립유치원 연합회 신년교례회 행사관련 직원 격려 간담회,곽옥자삼대곰탕,"16   
 16",총무과,3/1
1,총무과,1/31,축제육성관련 관계 부서 만찬 간담회,만보가,2,총무과,2/1
2,총무과,1/31,내방객 접대용 음료구입,오케이마트 외 1,3,총무과,2/1
3,총무과,2/2,주요 시정현안 관련 간담회,키사라,4,총무과,2/3
4,총무과,2/3,주요 시정현안 관련 간담회,울진참가자미,5,총무과,2/4
5,총무과,2/5,문화관광해설사회 중앙회장 취임식 참석 직원 격려,통영충무김밥,6,총무과,2/6
6,총무과,2/6,전의경대원 격려금,대구지방경찰청,7,총무과,2/7
7,"총무과   
 총무과",2/8,JC임원단 간담회 참석 직원 격려,푸주옥 도가니탕 꼬리곰탕,8,총무과,2/9
8,총무과,2/8,평창동계올림픽 대비 체육회 직원 격려,예원,9,총무과,2/9
9,"총무과   
 총무과",2/9,평창동계올림픽 개막식 참석 직원 격려,㈜광동유통안동하휴게소,10,총무과,2/10
10,"총무과   
 총무과",2/9,평창동계올림픽 개막식 참석 직원 격려,도암식당,11,총무과,2/10
11,"총무과   
 총무과",2/9,내방객 접대용 음료구입,오케이마트 외 1,12,총무과,2/10
12,"총무과   
 총무과",2/13,평창동계올림픽 대구의 날 참석 직원 격려,㈜광동유통안동하휴게소,13,총무과,2/14
13,총무과,2/13,설 연휴 상황근무자 격려금,달서소방서 외2,14,총무과,2/14
14,총무과,2/13,시정 주요 현안관련 언론인 간담회,청해복어,15,총무과,2/14
15,"총무과   
 총무과","2/14   
 2/14",설연휴 상황 및 현업근무자 위문품 구입,대구농특산물유통대구,16,총무과,2/15
16,총무과,2/14,주요 시정 주요현안 논의 관련 언론사 간담회,아트리움,17,총무과,2/15
17,총무과,2/14,설 관련 지역원로 홍보품 구입,약령시사람들,18,총무과,2/15
18,총무과,2/17,주요 시정현안 논의 간담회,새불로숯불막창,19,총무과,2/18
19,"총무과   
 총무과","2/18   
 2/18",2.18 지하철 화재 추모식 참석 직원 격려,밀양돼지국밥,"20   
 20",총무과,2/19
20,"총무과   
 총무과",2/19,내방객 접대용 음료구입,오케이마트,21,총무과,2/20
21,총무과,2/19,직원격려 간담회,포시즌스,22,총무과,2/20
22,총무과,2/19,기업유치 관련 업무협의 간담회,포시즌스,23,총무과,2/20
23,총무과,2/20,대구광역시교통단체연합회 간담회,만리장성,24,총무과,2/21
24,총무과,2/21,제2회 대구시민주간 참석자 오찬 경비,국화정원,25,총무과,2/22
25,총무과,2/24,약사회 정기 대의원 총회 참석 직원 격려,오복미역범어점,26,총무과,2/25
26,총무과,2/24,행사 참석직원 격려 간담회,신세계분식,27,총무과,2/25
27,총무과,2/26,직원격려 간담회,동인삼계탕,28,총무과,2/27
28,총무과,2/27,행사 참석직원 격려 간담회,동심각,29,총무과,2/28
1,"총무과   
 총무과","1/3   
 1/3",주요시정현안 관련 간담회,진주,"2   
 2",총무과,1/4
2,총무과,1/9,2018년 적십자 특별회비,대한적십자사 대구광역지사,3,총무과,1/10
3,총무과,1/9,신천프로젝트 추진관련 간담회,만보가,4,총무과,1/10
4,총무과,1/10,언론인 초청 간담회,동해복어,5,총무과,1/11
5,총무과,1/11,내방객 접대용 음료구입,오케이마트 외 1,6,총무과,1/12
6,총무과,1/11,서민경제관련 간담회,명성식육식당,7,총무과,1/12
7,총무과,1/11,주요시정현안 관련 간담회,삼덕에비뉴,8,총무과,1/12
8,총무과,1/13,대구 관광활성화관련 간담회,동해복어,9,총무과,1/14
9,총무과,1/14,주요시정현안 관련 간담회,옥야식당,10,총무과,1/15
10,총무과,1/15,미래형 자동차관련 간담회,동인삼계탕,11,총무과,1/16
11,총무과,1/16,대구 여성단체 간담회,인터불고,12,총무과,1/17
12,총무과,1/16,직원 격려 간담회,도토리,13,총무과,1/17
13,총무과,1/17,주요 시정현안 관련 간담회,외백,14,총무과,1/18
14,총무과,"1/17   
 1/17",주요 시정현안 관련 간담회,엠호텔,15,총무과,1/18
15,총무과,1/18,직원 격려 간담회,행복제면소,16,총무과,1/19
16,총무과,1/19,섬유산업 발전관련 간담회,오복미역,17,총무과,1/20
17,총무과,1/21,주요 시정현안 관련 간담회,동해횟집,18,총무과,1/22
18,총무과,1/22,주민참여 예산제 확산 관련 구의원 간담회,송정가든,19,총무과,1/23
19,총무과,1/24,전통시장 활성화를 뤼한 상인초청 간담회,아라한정식,20,총무과,1/25
20,총무과,1/25,장애인 체육회 이사회 참석 직원 격려 간담회,온돌방,21,총무과,1/26
21,총무과,1/26,지역현안 관련 언론사주 초청 간담회,아트리움,22,총무과,1/27
22,총무과,1/29,예총회장 퇴임관련 예술인 간담회,하촌식당,23,총무과,1/30
23,총무과,1/30,주민참여예산 관련 직원 간담회,안동갈비,24,총무과,1/31
24,총무과,1/30,영호남 시도지사 협의회 참석 직원 격려 간담회,할매국밥,25,총무과,1/31
25,총무과,1/30,설맞이 전통시장 활성화 관련 온누리 상품권 구입,온누리상품권,26,총무과,1/31
1,총무과,12/1,동아시아 문화도시 관련 간담회,안동갈비,2,총무과,12/2
2,총무과,12/2,직원 격려 간담회,탐앤탐스,3,총무과,12/3
3,총무과,12/3,직원 격려 간담회,김동일쉐프의만선,4,총무과,12/4
4,총무과,12/4,시정공감 현장소통 관련 간담회,명동,5,총무과,12/5
5,총무과,12/5,바이오 소재산업 간담회,부림산채,6,총무과,12/6
6,총무과,12/6,선도의료기관 관련 간담회,오복미역,7,총무과,12/7
7,총무과,12/7,내방객 접대용 음료 등 구입,오케이마트 외 1,8,총무과,12/8
8,총무과,12/7,재난안전 워크숍 관련 간담회,동이식당,9,총무과,12/8
9,총무과,12/7,직원 격려 간담회,윤가네식당,10,총무과,12/8
10,총무과,12/8,포항 지진피해관련 지원방안 간담회,구내식당,11,총무과,12/9
11,총무과,12/8,송년사 및 신년사 관련 간담회,카페무아,12,총무과,12/9
12,총무과,12/8,직원 격려 간담회,장원식당,13,총무과,12/9
13,총무과,12/9,주요 시정현안 논의 간담회,아라한정식,14,총무과,12/10
14,총무과,12/9,주요 시정현안 논의 간담회,은정감자탕,15,총무과,12/10
15,총무과,12/12,시민원탁 회의 관련 간담회,명성식육식당,16,총무과,12/13
16,총무과,12/12,중소기업 및 중소상공인 지원 관련 간담회,장원부대찌게,17,총무과,12/13
17,총무과,12/13,지역 택시관련 간담회,안동갈비,18,총무과,12/14
18,총무과,12/14,교육 현안관련 간담회,고령촌돼지찌개,19,총무과,12/15
19,총무과,12/14,직원 격려 간담회,마루,20,총무과,12/15
20,총무과,12/15,2017 크리스마스 씰 성금,대한결핵협회대구경북지부,21,총무과,12/16
21,총무과,12/15,내방객 접대용 음료 등 구입,오케이마트 외,22,총무과,12/16
22,총무과,12/15,2018년 업무계획 보고 워크숍 직원 격려 간담회,육일해물찜,23,총무과,12/16
23,총무과,12/15,2018년 업무계획 보고 워크숍 직원 격려 간담회,바다원횟집,24,총무과,12/16
24,총무과,12/15,주요 시정현안 관련 간담회,켄싱턴호텔,25,총무과,12/16
25,총무과,12/15,주요 시정현안 관련 간담회,가시리,26,총무과,12/16
26,총무과,12/16,2018년 업무계획 보고 워크숍 직원 격려 간담회,해양회대게센타,27,총무과,12/17
27,총무과,12/19,직원 격려 간담회,윤가네식당,28,총무과,12/20
28,총무과,12/19,직원 격려 간담회,동보성,29,총무과,12/20
29,총무과,12/20,직원 격려 간담회,안동국시,30,총무과,12/21
30,총무과,12/21,지역 우수제품 홍보를 위한 특산품 구입,시선,31,총무과,12/22
31,총무과,12/21,지역원로 오찬 간담회,아트리움,32,총무과,12/22
32,총무과,12/22,주민 참여 에산 간담회,명성식육식당,33,총무과,12/23
33,총무과,12/23,통합 대구공항 이전관련 간담회,동봉,34,총무과,12/24
34,총무과,12/23,주요 시정현안 관련 간담회,반야월연근사랑협동조합,35,총무과,12/24
35,총무과,12/24,시정현안 관련 간담회,아라한정식,36,총무과,12/25
36,총무과,12/26,노사 소통과 화합을 위한 노조대표 간담회,온돌방,37,총무과,12/27
37,총무과,12/26,주요 시정현안 관련 간담회,해금강,38,총무과,12/27
38,총무과,12/27,2017 연말 직원 격려품 구입,웬떡이야,39,총무과,12/28
39,총무과,12/27,2017 연말 직원 격려품 구입,동촌농협,40,총무과,12/28
40,총무과,12/28,2018년 시무식 행사관련 다과 구입,행복한 한과 외,41,총무과,12/29
41,총무과,12/29,송년 간담회,파티온,42,총무과,12/30
1,총무과,11/2,청사 보안 및 질서유지 관련 간담회,미가도,2,총무과,11/3
2,총무과,11/3,공무원 가을산해 행사 격려 음료 구입,오케이마트,3,총무과,11/4
3,총무과,11/3,직원격려 간담회,풍원장,4,총무과,11/4
4,총무과,11/4,직원격려 간담회,현대옥,5,총무과,11/5
5,총무과,11/4,직원격려 간담회,동이식당,6,총무과,11/5
6,총무과,11/6,지역 우수제품 홍보를 위한 특산품 구입,구미요,7,총무과,11/7
7,총무과,11/6,언론인 초청 간담회,감포은정복어,8,총무과,11/7
8,총무과,11/9,중소기업인 대회 준비관련 간담회,명성식육식당,9,총무과,11/10
9,총무과,11/9,지역 우수제품 홍보를 위한 특산품 구입,화선,10,총무과,11/10
10,총무과,11/9,체육 발전방안 모색 간담회,호텔수성,11,총무과,11/10
11,총무과,11/10,스마트 광통신센터 개소식 관련 간담회,한울식당,12,총무과,11/11
12,총무과,11/14,시정 주요현안 논의 간담회,짓네스시,13,총무과,11/15
13,총무과,11/16,RUN 2017 행사 참여 직원 격려 간담회,하나해물탕,14,총무과,11/17
14,총무과,11/17,직원격려 간담회,씨엔에스,15,총무과,11/18
15,총무과,11/17,주요 시정현안 관련 간담회,돌고래,16,총무과,11/18
16,총무과,11/18,직원격려 간담회,육가,17,총무과,11/19
17,총무과,11/21,직원격려 간담회,뜸팡이와 묵은김치,18,총무과,11/22
18,총무과,11/21,통합 공항 이전관련 간담회,코리아니호텔,19,총무과,11/22
19,총무과,11/22,미래자동차 엑스포준비 관련 직원 격려 간담회,명성식육식당,20,총무과,11/23
20,총무과,11/22,직원격려 간담회,현대옥,21,총무과,11/23
21,총무과,11/23,내방객 접대용 음료 등 구입,ok마트 외 1,22,총무과,11/24
22,총무과,11/23,직원격려 간담회,인터불고 엑스코,23,총무과,11/24
23,총무과,11/24,서울본부 직원 격려 간담회,켄싱턴호텔,24,총무과,11/25
24,총무과,11/24,직원격려 간담회,고령촌돼지찌개,25,총무과,11/25
25,총무과,11/24,언론인 초청 간담회,소나무,26,총무과,11/25
26,총무과,11/26,직원격려 간담회,부용,27,총무과,11/27
27,총무과,11/26,직원격려 간담회,대정옥,28,총무과,11/27
28,총무과,11/27,선배공무원과 함께하는 홈커밍데이 다과비,레드리본사회적협동조합,29,총무과,11/28
29,총무과,11/28,직원격려 간담회,범어만두,30,총무과,11/29
30,총무과,11/29,직원격려 간담회,김가네동태한그릇,31,총무과,11/30
31,"총무과   
 총무과","11/29   
 11/29",통합 신공항 이전관련 간담회,만보가,"32   
 32",총무과,11/30
1,총무과,10/6,주요 시정 현안 논의 간담회,산중식당,2,총무과,10/7
2,총무과,10/7,주요 시정 현안 논의 간담회,개방,3,총무과,10/8
3,총무과,10/10,직원 격려 간담회,홍유,4,총무과,10/11
4,총무과,10/11,추석연휴 비상근무자 격려용 간식 구입,호식이두마리치킨,5,총무과,10/12
5,총무과,10/11,직원 격려 간담회,만보가,6,총무과,10/12
6,총무과,10/12,내방객 접대용 음료 등 구입,오케이 마트 외 1,7,총무과,10/13
7,총무과,10/12,서문시장 복합건축 관련 간담회,성주숯불갈비,8,총무과,10/13
8,총무과,10/17,근조화 세트 구입,가나아트,9,총무과,10/18
9,총무과,10/17,교육현안 관련 간담회,만보가,10,총무과,10/18
10,총무과,10/18,직원 격려 간담회,온돌방,11,총무과,10/19
11,총무과,10/19,직원 격려 간담회,방범골뱅이,12,총무과,10/20
12,총무과,10/19,직원 격려 간담회,파이온,13,총무과,10/20
13,총무과,10/20,내장객 접대용 음료 등 구입,이마트,14,총무과,10/21
14,총무과,10/22,직원 격려 간담회,동해복어,15,총무과,10/23
15,총무과,10/23,2017년 국회 행정안전위원회 국정감사 관련 간담회,구내식당,16,총무과,10/24
16,총무과,10/23,직원 격려 간담회,마루,17,총무과,10/24
17,총무과,10/24,언론인 초청 간담회,청맥식당,18,총무과,10/25
18,총무과,10/25,직원 격려 간담회,홍콩반점 외,19,총무과,10/26
19,총무과,10/25,직원 격려 간담회,동보성,20,총무과,10/26
20,총무과,10/26,직원 격려 간담회,전주식당,21,총무과,10/27
21,총무과,10/26,직원 격려 간담회,마루,22,총무과,10/27
22,총무과,10/27,직원 격려 간담회,너와집,23,총무과,10/28
23,총무과,10/28,직원 격려 간담회,강남식당,24,총무과,10/29
24,총무과,10/29,지역 현안 논의 간담회,촌생고기,25,총무과,10/30
25,총무과,10/30,직원 격려 간담회,윤가네식당,26,총무과,10/31
1,총무과,9/4,통합 공항 이전관련 간담회,동해복어,2,총무과,9/5
2,총무과,9/4,직원 격려 간담회,해밥달밥,3,총무과,9/5
3,총무과,9/4,직원 격려 간담회,삼덕에비뉴,4,총무과,9/5
4,총무과,9/5,직원 격려 간담회,만보가,5,총무과,9/6
5,총무과,9/6,시정 현안 관련 간담회,이천추어탕,6,총무과,9/7
6,총무과,9/8,대구-히로시마 자매결연 20주년 행사 관련 기념품 구입,약령시사람들,7,총무과,9/9
7,총무과,9/8,언론인 초청 간담회,"동해복어, 매스커피",8,총무과,9/9
8,총무과,9/8,세계 합창 축제관련 간담회,닭한끼,9,총무과,9/9
9,총무과,9/10,직원 격려 간담회,국수나무,10,총무과,9/11
10,총무과,9/11,주요 시정현안 논의 간담회,대어초밥,11,총무과,9/12
11,총무과,9/13,주요 시정현안 논의 간담회,산,12,총무과,9/14
12,총무과,9/14,직원 격려 간담회,삼덕에비뉴,13,총무과,9/15
13,총무과,9/15,주요 시정현안 논의 간담회,하이솟대,14,총무과,9/16
14,총무과,9/15,직원 격려 간담회,동해복어,15,총무과,9/16
15,총무과,9/16,전통시장 활성화 방안 논의 간담회,정아돼지국밥,16,총무과,9/17
16,총무과,9/16,시민생활체육 대축전 관련 간담회,송정초밥,17,총무과,9/17
17,총무과,9/18,내방객 접대용 음료 구입,ok마트,18,총무과,9/19
18,총무과,9/19,주요 시정현안 논의 간담회,만리장성,19,총무과,9/20
19,총무과,9/19,직원 격려 간담회,발군의족발,20,총무과,9/20
20,총무과,9/20,언론인 초청 간담회,삼덕에비뉴,21,총무과,9/21
21,총무과,9/20,언론인 초청 간담회,안압정,22,총무과,9/21
22,총무과,9/21,직원 격려 간담회,초원,23,총무과,9/22
23,총무과,9/22,직원 격려 간담회,상주,24,총무과,9/23
24,총무과,9/24,추석 관련 지역원로 홍보품 구입,약령시사람들,25,총무과,9/25
25,총무과,9/24,직원 격려 간담회,해덕한우,26,총무과,9/25
26,총무과,9/25,대구시 노인연합회 회장단 간담회,산,27,총무과,9/26
27,총무과,9/26,추석연휴 현장 및 상황 근무자 격려,삼덕119안전센터 외 1,28,총무과,9/27
28,총무과,9/26,추석 연휴 상황 및 현업근무자 위문품 구입,대한적십자사대구광역지사 외 1,29,총무과,9/27
29,총무과,9/29,직원 격려 간담회,산타마르게리타,30,총무과,9/30
1,총무과,8/7,시정 현안 논의 간담회,석빈,2,총무과,8/8
2,총무과,8/8,내방객 접대용 음료 등 구입,ok마트 외 1,3,총무과,8/9
3,총무과,8/8,직원 격려 간담회,부림산채,4,총무과,8/9
4,총무과,8/8,직원 격려 간담회,비브릿지,5,총무과,8/9
5,총무과,8/8,전의경 대원 격려금,중부경찰서,6,총무과,8/9
6,총무과,8/10,시정 현안 논의 간담회,만보가,7,총무과,8/11
7,총무과,8/11,서울본부 직원 격려 간담회,똠팡이와묵은김치,8,총무과,8/12
8,총무과,8/11,시정 현안 논의 간담회,한화호텔,9,총무과,8/12
9,총무과,8/12,주요 시정 현안 논의 간담회,하촌식당,10,총무과,8/13
10,총무과,8/14,주요 시정 현안 논의 간담회,하촌식당,11,총무과,8/15
11,총무과,8/16,주요 시정 현안 논의 간담회,만보가,12,총무과,8/17
12,총무과,8/21,직원격려 간담회,동해복어,13,총무과,8/22
13,총무과,8/21,을지훈련 야간근무자 격려품 구입,대명과일,14,총무과,8/22
14,총무과,8/22,직원격려 간담회,청맥식당,15,총무과,8/23
15,총무과,8/22,직원격려 간담회,삼덕에비뉴,16,총무과,8/23
16,총무과,8/23,내방객 접대용 음료 등 구입,오케이마트 외 1,17,총무과,8/24
17,총무과,8/23,직원격려 간담회,카페무아,18,총무과,8/24
18,총무과,8/23,을지훈련 야간근무자 격려품 추가 구입,대명과일,19,총무과,8/24
19,총무과,8/23,지역 예술가 현안 문제 논의 간담회,삼덕에비뉴,20,총무과,8/24
20,총무과,8/25,직원 격려 간담회,용지봉,21,총무과,8/26
21,총무과,8/28,직원격려 간담회,제이일보스코,22,총무과,8/29
22,총무과,8/28,대구시 지역자율방재연합회 간담회,한농부의풀꽃밥상,23,총무과,8/29
23,총무과,8/28,지역 예술인 작업환경 개선 관련 간담회,라빌레트,24,총무과,8/29
24,총무과,8/29,시정 주요현안관련 논의 간담회,동보성,25,총무과,8/30
25,총무과,8/30,시정 현안 관련 간담회,만보가,26,총무과,8/31
1,총무과,7/2,시정업무협의 국회의원 간담회,파티온,2,총무과,7/3
2,총무과,7/6,국제 그린카 전시회관련 간담회,거창하휴게소,3,총무과,7/7
3,총무과,7/7,언론 인터뷰 준비관련 간담회,감포은정복어,4,총무과,7/8
4,총무과,7/8,직원 격려 간담회,차이나궁,5,총무과,7/9
5,총무과,7/8,주요 시정현안 논의 간담회,만보가,6,총무과,7/9
6,총무과,7/10,딤프 어워즈 참여관련 간담회,통영충무김밥,7,총무과,7/11
7,총무과,7/10,언론인 간담회,켄싱턴호텔,8,총무과,7/11
8,총무과,7/12,메디 시티 협의회관련 간담회,카페앤펍더편,9,총무과,7/13
9,총무과,7/12,지역 의료산업 업무 추진 간담회 경지 지출,삼천궁식당,10,총무과,7/13
10,총무과,7/13,대구사랑운동 현안 사항 의견 수렴 간담회,갈비가숯불애,11,총무과,7/14
11,총무과,7/14,생활문화제 참여 직원 격려 간담회,현대옥,12,총무과,7/15
12,총무과,7/14,언론인 간담회,향송죽매,13,총무과,7/15
13,총무과,7/17,시정 현안 논의 간담회,안압정갈비식당,14,총무과,7/18
14,총무과,7/18,내방객 접대용 음료 등 구입,오케이마트,15,총무과,7/19
15,총무과,7/18,주요 시정 현안 논의 간담회,해덕한우,16,총무과,7/19
16,총무과,7/18,지역 현안 논의 간담회,켄싱턴호텔,17,총무과,7/19
17,총무과,7/20,직원 격려 간담회,청담,18,총무과,7/21
18,총무과,7/20,노사화합 협의 간담회,만남의광장,19,총무과,7/21
19,총무과,7/21,직원 격려 간담회,김가네동태한그릇,20,총무과,7/22
20,총무과,7/21,여름철 직원 격려품 구입,대명과일,21,총무과,7/22
21,총무과,7/21,생활공감정책모니터단 오찬 간담회,만리장성,22,총무과,7/22
22,총무과,7/25,근조화환 구입,제우스플라워,23,총무과,7/26
23,총무과,7/25,지역 언론사 관계자 간담회,해수전복,24,총무과,7/26
24,총무과,7/26,내방객 접대용 음료 등 구입,오케이마트,25,총무과,7/27
25,총무과,7/26,서울본부 직원 격려 간담회,문배동육칼,26,총무과,7/27
26,총무과,7/26,시정 현안 논의 간담회,키사라,27,총무과,7/27
27,총무과,7/26,시정 현안 관련 간담회,켄싱턴호텔,28,총무과,7/27
28,총무과,7/27,지역 우수제품 홍보를 위한 특산품 구입,시선,29,총무과,7/28
29,총무과,7/28,직원 격려 간담회,낙영찜갈비,30,총무과,7/29
30,총무과,7/28,시정 현안 논의 간담회,동해복어,31,총무과,7/29
1,총무과,6/1,꽃 박람회 참석 자치단체장 간담회,해금강,2,총무과,6/2
2,총무과,6/3,대한민국 연극제 사전점검 간담회,해밥달밥,3,총무과,6/4
3,총무과,6/7,직원 의견청취 간담회,송정초밥,4,총무과,6/8
4,총무과,6/7,내방객 접대용 음료 등 구입,오케이마트 외 1,5,총무과,6/8
5,총무과,6/10,2017 전국생활체육 대축전 관계자 격려 간담회,연송갈치,6,총무과,6/11
6,총무과,6/10,대구시 체육회 임원 간담회,한우동,7,총무과,6/11
7,총무과,6/10,시정업무협의 국회의원 간담회,송정가든,8,총무과,6/11
8,총무과,6/14,시민원탁회의 준비관련 간담회,통영충무김밥,9,총무과,6/15
9,총무과,6/15,대선공약 반영 관련 간담회,명성식육식당,10,총무과,6/16
10,총무과,6/15,시정 현안 소통 간담회,동해복어,11,총무과,6/16
11,총무과,6/16,녹조대책 관련 간담회,온돌방,12,총무과,6/17
12,총무과,6/17,시정 현안 논의 간담회,그랜드관광호텔,13,총무과,6/18
13,총무과,6/17,주요시정 현안 논의 간담회,예담,14,총무과,6/18
14,총무과,6/20,기계로봇과 직원격려 간담회,진주,15,총무과,6/21
15,총무과,6/21,구군 의장 정책협의회 간담회,이가네더덕밥,16,총무과,6/22
16,총무과,6/23,내방객 접대용 음료 등 구입,오케이마트 외 1,17,총무과,6/24
17,총무과,6/25,직원 격려 간담회,부산안면옥,18,총무과,6/26
18,총무과,6/25,직원 격려 간담회,현대옥,19,총무과,6/26
19,총무과,6/26,자율주행 자동차 경진대회 참가팀 격려,매스커피,20,총무과,6/27
20,총무과,6/27,직원 격려 간담회,파티온,21,총무과,6/28
21,총무과,6/27,국가산단 에너지융복합 스마트단지 조성 업무협약 간담회,온돌방,22,총무과,6/28
22,총무과,6/28,주요 시정 현안 간담회,진주,23,총무과,6/29
23,총무과,6/28,보훈단체장 오찬 간담회,산,24,총무과,6/29
24,총무과,6/29,직원 격려 간담회 급식비,콩이랑,25,총무과,6/30
25,총무과,6/29,직원격려 간담회 음료 구입,콩마담,26,총무과,6/30
26,총무과,6/29,시민단체 실무대표와의 간담회,예원,27,총무과,6/30
1,총무과,5/1,시정 주요정책 협의 간담회,감나무집,2,총무과,5/2
2,총무과,5/2,안심지구 개발관련 간담회,오늘은짬뽕땡기는날,3,총무과,5/3
3,총무과,5/6,대구 대공원 추진관련 간담회,강남식당,4,총무과,5/7
4,총무과,5/9,전통시장 활성화 방안논의 간담회,휴심관,5,총무과,5/10
5,총무과,5/9,대선투표 상황실 근무자 격려 간담회,매스커피,6,총무과,5/10
6,총무과,5/11,주요 시정현안 논의 간담회,장원,7,총무과,5/12
7,총무과,5/12,언론인 기자 초청 간담회,한농부의풀꽃밥상,8,총무과,5/13
8,총무과,5/14,직원격려 간담회,오복미역,9,총무과,5/15
9,총무과,5/15,직원 격려 간담회,파티온,10,총무과,5/16
10,총무과,5/15,내방객 접대용 음료 구입,오케이마트 외 1,11,총무과,5/16
11,총무과,5/17,주요 시정현안 논의 간담회,온돌방,12,총무과,5/18
12,총무과,5/18,주요 시정현안 논의 간담회,홀리데이인광주호텔,13,총무과,5/19
13,총무과,5/18,지역원로 오찬 간담회,솔내음,14,총무과,5/19
14,총무과,5/22,시정 현안관련 의견청취 간담회,만보가,15,총무과,5/23
15,총무과,5/24,대선 공약 반영 관련 간담회,아트리움,16,총무과,5/25
16,총무과,5/24,지역원로 오찬 간담회,아트리움,17,총무과,5/25
17,총무과,5/25,전기자동차 활성화 관련 간담회,만보가,18,총무과,5/26
18,총무과,5/26,주요 시정현안 논의 간담회,한농부의풀꽃밥상,19,총무과,5/27
19,총무과,5/29,언론인 초청 간담회,동해복어,20,총무과,5/30
20,총무과,5/30,통합신공항 이전 논의 간담회,동인삼계탕,21,총무과,5/31
21,총무과,5/30,내방객 접대용 음료 구입,오케이마트,22,총무과,5/31
22,총무과,5/31,미소친절 시민모니터단 워크숍 관련 간담회,초원,23,총무과,6/1
1,총무과,4/10,서문시장 화재관련 관계자 간담회,성주,2,총무과,4/11
2,총무과,4/11,도시기반혁신본부 업무협의 간담회,만보가,3,총무과,4/12
3,총무과,4/11,대구FC 활성화 방안 협의 간담회,온돌방,4,총무과,4/12
4,총무과,4/13,내방객 접대용 음료 등 구입,오케이마트,5,총무과,4/14
5,총무과,4/13,서울본부 업무협의 간담회,대한국밥,6,총무과,4/14
6,총무과,4/15,금호강 하중도 명소화관련 업무담당자 간담회,아라한정식,7,총무과,4/16
7,총무과,4/16,시정질문 답변관련 자료검토 회의,청도한재,8,총무과,4/17
8,총무과,4/17,창조도시 포럼관련 간담회,고령촌돼지찌개,9,총무과,4/18
9,총무과,4/21,내방객 접대용 음료 등 구입,오케이마트 외 2,10,총무과,4/22
10,총무과,4/22,시장 부재중 업무보고 관련 간담회,대정옥,11,총무과,4/23
11,총무과,4/24,지역관광 활성화 방안 간담회,송종초밥,12,총무과,4/25
12,총무과,4/25,자연재난 대비 현장근무자 격려품 구입,오케이마트,13,총무과,4/26
13,총무과,4/26,염색산업단지 관련 간담회,만보가,14,총무과,4/27
14,총무과,4/27,도시기본계획 업무보고관련 간담회,엄마손칼국수,15,총무과,4/28
15,총무과,4/27,반려동물 테마파크 사전점검 간담회,만보가,16,총무과,4/28
1,총무과,3/2,직원 소통 토크관련 간담회,동해복어,2,총무과,3/3
2,총무과,3/5,대구시당 정책간담회 준비 직원 격려 간담회,범어맛찬들,3,총무과,3/6
3,총무과,3/6,직원격려 간담회,해밥달밥,4,총무과,3/7
4,총무과,3/7,지역 현안사업 논의관련 국회의원 간담회,온돌방,5,총무과,3/8
6,총무과,3/9,대구여성단체협의회 전임 및 신임임원과의 간담회,페페라올라,7,총무과,3/10
7,총무과,3/12,어린이기자단 발대식 참여직원 격려 간담회,장원,8,총무과,3/13
8,총무과,3/13,지역 법조계 인사 초청 오찬간담회,안압정갈비식당,9,총무과,3/14
9,총무과,3/14,언론사 기자 초청 간담회,동해복어,10,총무과,3/15
10,총무과,3/15,컬러풀 축제 사전준비 직원격려 간담회,만보가,11,총무과,3/16
11,총무과,3/15,국제 전기자동차 엑스포 준비 직원격려 간담회,팔백국밥,12,총무과,3/16
12,총무과,3/16,WMACi 추진상황 점검 간담회,아라한정식,13,총무과,3/17
13,총무과,3/17,국제 전기자동차 엑스포 참석자 간담회,운해횟집,14,총무과,3/18
14,총무과,3/18,국비확보 보고회 관련 직원격려 간담회,부림산채,15,총무과,3/19
15,총무과,3/20,전의경 대원 격려금,대구지방경찰청,16,총무과,3/21
16,총무과,3/26,대선공약반영 점검관련 간담회,아라한정식,17,총무과,3/27
17,총무과,3/26,시정 정책간담회,삼덕에비뉴,18,총무과,3/27
18,총무과,3/27,주요시정 홍보관련 설명간담회,아트리움,19,총무과,3/28
19,총무과,3/28,내방객 접대용 다과 등 구입,오케이마트 외 3,20,총무과,3/29
20,총무과,3/29,명예퇴직자 격려 간담회,만리장성,21,총무과,3/30
21,총무과,3/30,청원경찰 및 전의경 대원 격려품(간식) 구입,오케이마트,22,총무과,3/31
22,총무과,3/30,시정현안사항 전문가 의견 청취 간담회,삼덕에비뉴,23,총무과,3/31
23,총무과,3/30,언론사 기자초청 간담회,명성식육식당,24,총무과,3/31
1,총무과,2/2,업무협의 간담회,만보가,2,총무과,2/3
2,총무과,2/4,여성정책 수립방안 논의 간담회,해밥달밥,3,총무과,2/5
3,총무과,2/4,대구경북지방 통합방위회의 사전준비 간담회,강남식당,4,총무과,2/5
4,총무과,2/7,지방분권관련 업무협의 간담회,광화문아띠설가온,5,총무과,2/8
5,총무과,2/10,통합공항 추진관련 언론인 간담회,동해복어,6,총무과,2/11
6,총무과,2/13,시정 주요현안 홍보관련 간담회,삼천궁식당,7,총무과,2/14
7,총무과,2/13,제2기 대구시 청년위원회 위원간담회,카페무아,8,총무과,2/14
8,총무과,2/16,내방객 접대용 음료 등 구입,오케이마트 외 1,9,총무과,2/17
9,총무과,2/22,당정협의회 준비 및 관계자 격려 간담회,켄싱턴호텔,10,총무과,2/23
10,총무과,2/23,내방객 접대용 음료 등 구입,오케이마트 외 1,11,총무과,2/24
11,총무과,2/23,3.1절 기념식 행사 추진상황 점검 간담회,만보가,12,총무과,2/24
12,총무과,2/24,직원 소톨간담회 사전준비 관게자 격려 간담회,온돌방,13,총무과,2/25
1,총무과,1/2,2017년도 주요업무계획 협의 간담회,동해복어,2,총무과,1/3
2,총무과,1/9,해외출장 성과 협의 간담회,부림산채,3,총무과,1/10
3,총무과,1/10,해외출장 성과 협의 간담회,명성식육식당,4,총무과,1/11
4,총무과,1/11,대구디지털산업진흥원 업무협의 간담회,만보가,5,총무과,1/12
5,총무과,1/12,대구시 노인정책 수립 간담회,7전8기,6,총무과,1/13
6,총무과,1/12,서문시장 화재 지원방안 협의 간담회,카페무아,7,총무과,1/13
7,총무과,1/13,내방객 접대용 다과 구입,오케이마트,8,총무과,1/14
8,총무과,1/14,통합신공항 이전 논의 간담회,대정옥,9,총무과,1/15
9,총무과,1/15,문화콘텐츠 활성화 방안 협의 간담회,삼각포차,10,총무과,1/16
10,총무과,1/16,대구시 관광 활성화 방안 논의 간담회,엄마손칼국수,11,총무과,1/17
11,총무과,1/16,보건복지국 업무보고 간담회,벙글벙글,12,총무과,1/17
12,총무과,1/16,설맞이 전통시장 활성화 관련 온누리상품권 구입,대구은행,13,총무과,1/17
13,총무과,1/19,서울본부 업무협의 간담회,코리아나호텔,14,총무과,1/20
14,총무과,1/19,설관련 지역원로 홍보품 구입,정관장,15,총무과,1/20
15,총무과,1/20,설연휴 상황 및 현업 근무자 위문품 구입,대구장터,16,총무과,1/21
16,총무과,1/20,지역원로 오찬 간담회,아트리움,17,총무과,1/21
17,총무과,1/20,제설근무자 격려물품 구입,오케이마트,18,총무과,1/21
18,총무과,1/22,언론사 관계자 간담회,감포은정복어,19,총무과,1/23
19,총무과,1/23,시 법률고문변호사 간담회,동심각,20,총무과,1/24
20,총무과,1/24,시정방향 공유 시민공감 토크 사전준비 간담회,만리장성,21,총무과,1/25
21,총무과,1/25,직원 격려 간담회,삼천궁식당,22,총무과,1/26
22,"총무과   
 총무과","1/26   
 1/26",설연휴 현장 및 상황근무자 격려,119상황실 외 2,23,"총무과   
 총무과","1/27   
 1/27"
23,"총무과   
 총무과",1/29,언론인터뷰 준비 간담회,강남식당,"24   
 24","총무과   
 총무과",1/30